running install
/home/liangan1/miniconda3/envs/pt_xpu/lib/python3.11/site-packages/setuptools/_distutils/cmd.py:66: SetuptoolsDeprecationWarning: setup.py install is deprecated.
!!

        ********************************************************************************
        Please avoid running ``setup.py`` directly.
        Instead, use pypa/build, pypa/installer or other
        standards-based tools.

        See https://blog.ganssle.io/articles/2021/10/setup-py-deprecated.html for details.
        ********************************************************************************

!!
  self.initialize_options()
/home/liangan1/miniconda3/envs/pt_xpu/lib/python3.11/site-packages/setuptools/_distutils/cmd.py:66: EasyInstallDeprecationWarning: easy_install command is deprecated.
!!

        ********************************************************************************
        Please avoid running ``setup.py`` and ``easy_install``.
        Instead, use pypa/build, pypa/installer or other
        standards-based tools.

        See https://github.com/pypa/setuptools/issues/917 for details.
        ********************************************************************************

!!
  self.initialize_options()
running bdist_egg
running egg_info
creating silu_and_mul_xpu_optimized.egg-info
writing silu_and_mul_xpu_optimized.egg-info/PKG-INFO
writing dependency_links to silu_and_mul_xpu_optimized.egg-info/dependency_links.txt
writing top-level names to silu_and_mul_xpu_optimized.egg-info/top_level.txt
writing manifest file 'silu_and_mul_xpu_optimized.egg-info/SOURCES.txt'
reading manifest file 'silu_and_mul_xpu_optimized.egg-info/SOURCES.txt'
writing manifest file 'silu_and_mul_xpu_optimized.egg-info/SOURCES.txt'
installing library code to build/bdist.linux-x86_64/egg
running install_lib
running build_ext
W0603 00:28:43.192000 203522 site-packages/torch/utils/cpp_extension.py:489]                                !! WARNING !!!!!!!!!!!!!!!!!!!!!!!!!!!!!!!!!!!!!!!!!!!!!!!!!!!!!!!!!!!!!!!!!!!!!!!!!!!!!!!!!Your compiler (icpx) is not compatible with the compiler Pytorch wasbuilt with for this platform, which is g++ on linux. Pleaseuse g++ to compile your extension. Alternatively, you maycompile PyTorch from source using icpx, and then you can also useicpx to compile your extension.See https://github.com/pytorch/pytorch/blob/master/CONTRIBUTING.md for helpwith compiling PyTorch from source.!!!!!!!!!!!!!!!!!!!!!!!!!!!!!!!!!!!!!!!!!!!!!!!!!!!!!!!!!!!!!!!!!!!!!!!!!!!!!!!                              !! WARNING !!
building 'silu_and_mul_xpu_optimized' extension
creating /home/liangan1/cuda_to_sycl_examples/silu_and_mul/torch_ext/build/temp.linux-x86_64-cpython-311
W0603 00:28:43.202000 203522 site-packages/torch/utils/cpp_extension.py:489]                                !! WARNING !!!!!!!!!!!!!!!!!!!!!!!!!!!!!!!!!!!!!!!!!!!!!!!!!!!!!!!!!!!!!!!!!!!!!!!!!!!!!!!!!Your compiler (icpx) is not compatible with the compiler Pytorch wasbuilt with for this platform, which is g++ on linux. Pleaseuse g++ to compile your extension. Alternatively, you maycompile PyTorch from source using icpx, and then you can also useicpx to compile your extension.See https://github.com/pytorch/pytorch/blob/master/CONTRIBUTING.md for helpwith compiling PyTorch from source.!!!!!!!!!!!!!!!!!!!!!!!!!!!!!!!!!!!!!!!!!!!!!!!!!!!!!!!!!!!!!!!!!!!!!!!!!!!!!!!                              !! WARNING !!
[1/1] icpx -MMD -MF /home/liangan1/cuda_to_sycl_examples/silu_and_mul/torch_ext/build/temp.linux-x86_64-cpython-311/silu_and_mul_xpu_optimized.o.d -pthread -B /home/liangan1/miniconda3/envs/pt_xpu/compiler_compat -DNDEBUG -fwrapv -O2 -Wall -fPIC -O2 -isystem /home/liangan1/miniconda3/envs/pt_xpu/include -fPIC -O2 -isystem /home/liangan1/miniconda3/envs/pt_xpu/include -fPIC -I/home/liangan1/miniconda3/envs/pt_xpu/lib/python3.11/site-packages/torch/include -I/home/liangan1/miniconda3/envs/pt_xpu/lib/python3.11/site-packages/torch/include/torch/csrc/api/include -I/home/liangan1/miniconda3/envs/pt_xpu/include/python3.11 -c -c /home/liangan1/cuda_to_sycl_examples/silu_and_mul/torch_ext/silu_and_mul_xpu_optimized.cpp -o /home/liangan1/cuda_to_sycl_examples/silu_and_mul/torch_ext/build/temp.linux-x86_64-cpython-311/silu_and_mul_xpu_optimized.o -fsycl -O3 -fsycl-targets=spir64 -std=c++17 -march=native -ffast-math -DTORCH_API_INCLUDE_EXTENSION_H -DTORCH_EXTENSION_NAME=silu_and_mul_xpu_optimized
In file included from /home/liangan1/cuda_to_sycl_examples/silu_and_mul/torch_ext/silu_and_mul_xpu_optimized.cpp:19:
In file included from /home/liangan1/miniconda3/envs/pt_xpu/lib/python3.11/site-packages/torch/include/torch/extension.h:6:
In file included from /home/liangan1/miniconda3/envs/pt_xpu/lib/python3.11/site-packages/torch/include/torch/csrc/api/include/torch/all.h:8:
In file included from /home/liangan1/miniconda3/envs/pt_xpu/lib/python3.11/site-packages/torch/include/torch/csrc/api/include/torch/autograd.h:4:
In file included from /home/liangan1/miniconda3/envs/pt_xpu/lib/python3.11/site-packages/torch/include/torch/csrc/autograd/autograd.h:4:
In file included from /home/liangan1/miniconda3/envs/pt_xpu/lib/python3.11/site-packages/torch/include/torch/csrc/autograd/variable.h:7:
In file included from /home/liangan1/miniconda3/envs/pt_xpu/lib/python3.11/site-packages/torch/include/torch/csrc/autograd/cpp_hook.h:3:
In file included from /home/liangan1/miniconda3/envs/pt_xpu/lib/python3.11/site-packages/torch/include/torch/csrc/autograd/function_hook.h:4:
In file included from /home/liangan1/miniconda3/envs/pt_xpu/lib/python3.11/site-packages/torch/include/ATen/Tensor.h:4:
In file included from /home/liangan1/miniconda3/envs/pt_xpu/lib/python3.11/site-packages/torch/include/ATen/core/Tensor.h:4:
In file included from /home/liangan1/miniconda3/envs/pt_xpu/lib/python3.11/site-packages/torch/include/ATen/core/TensorBody.h:17:
In file included from /home/liangan1/miniconda3/envs/pt_xpu/lib/python3.11/site-packages/torch/include/c10/core/Scalar.h:10:
In file included from /home/liangan1/miniconda3/envs/pt_xpu/lib/python3.11/site-packages/torch/include/c10/core/ScalarType.h:4:
In file included from /home/liangan1/miniconda3/envs/pt_xpu/lib/python3.11/site-packages/torch/include/c10/util/BFloat16.h:2:
/home/liangan1/miniconda3/envs/pt_xpu/lib/python3.11/site-packages/torch/include/torch/headeronly/util/BFloat16.h:106:7: warning: use of NaN is undefined behavior due to the currently enabled floating-point options [-Wnan-infinity-disabled]
  106 |   if (std::isnan(src)) {
      |       ^~~~~~~~~~~~~~~
In file included from /home/liangan1/cuda_to_sycl_examples/silu_and_mul/torch_ext/silu_and_mul_xpu_optimized.cpp:19:
In file included from /home/liangan1/miniconda3/envs/pt_xpu/lib/python3.11/site-packages/torch/include/torch/extension.h:6:
In file included from /home/liangan1/miniconda3/envs/pt_xpu/lib/python3.11/site-packages/torch/include/torch/csrc/api/include/torch/all.h:8:
In file included from /home/liangan1/miniconda3/envs/pt_xpu/lib/python3.11/site-packages/torch/include/torch/csrc/api/include/torch/autograd.h:4:
In file included from /home/liangan1/miniconda3/envs/pt_xpu/lib/python3.11/site-packages/torch/include/torch/csrc/autograd/autograd.h:4:
In file included from /home/liangan1/miniconda3/envs/pt_xpu/lib/python3.11/site-packages/torch/include/torch/csrc/autograd/variable.h:7:
In file included from /home/liangan1/miniconda3/envs/pt_xpu/lib/python3.11/site-packages/torch/include/torch/csrc/autograd/cpp_hook.h:3:
In file included from /home/liangan1/miniconda3/envs/pt_xpu/lib/python3.11/site-packages/torch/include/torch/csrc/autograd/function_hook.h:4:
In file included from /home/liangan1/miniconda3/envs/pt_xpu/lib/python3.11/site-packages/torch/include/ATen/Tensor.h:4:
In file included from /home/liangan1/miniconda3/envs/pt_xpu/lib/python3.11/site-packages/torch/include/ATen/core/Tensor.h:4:
In file included from /home/liangan1/miniconda3/envs/pt_xpu/lib/python3.11/site-packages/torch/include/ATen/core/TensorBody.h:17:
In file included from /home/liangan1/miniconda3/envs/pt_xpu/lib/python3.11/site-packages/torch/include/c10/core/Scalar.h:19:
In file included from /home/liangan1/miniconda3/envs/pt_xpu/lib/python3.11/site-packages/torch/include/c10/util/TypeCast.h:12:
/home/liangan1/miniconda3/envs/pt_xpu/lib/python3.11/site-packages/torch/include/c10/util/overflows.h:66:30: warning: use of infinity is undefined behavior due to the currently enabled floating-point options [-Wnan-infinity-disabled]
   66 |   if (limit::has_infinity && std::isinf(static_cast<double>(f))) {
      |                              ^~~~~~~~~~~~~~~~~~~~~~~~~~~~~~~~~~
In file included from /home/liangan1/cuda_to_sycl_examples/silu_and_mul/torch_ext/silu_and_mul_xpu_optimized.cpp:19:
In file included from /home/liangan1/miniconda3/envs/pt_xpu/lib/python3.11/site-packages/torch/include/torch/extension.h:6:
In file included from /home/liangan1/miniconda3/envs/pt_xpu/lib/python3.11/site-packages/torch/include/torch/csrc/api/include/torch/all.h:16:
In file included from /home/liangan1/miniconda3/envs/pt_xpu/lib/python3.11/site-packages/torch/include/torch/csrc/api/include/torch/nn.h:5:
In file included from /home/liangan1/miniconda3/envs/pt_xpu/lib/python3.11/site-packages/torch/include/torch/csrc/api/include/torch/nn/functional.h:12:
In file included from /home/liangan1/miniconda3/envs/pt_xpu/lib/python3.11/site-packages/torch/include/torch/csrc/api/include/torch/nn/functional/loss.h:5:
/home/liangan1/miniconda3/envs/pt_xpu/lib/python3.11/site-packages/torch/include/torch/csrc/api/include/torch/nn/functional/activation.h:900:16: warning: use of infinity is undefined behavior due to the currently enabled floating-point options [-Wnan-infinity-disabled]
  900 |               -std::numeric_limits<scalar_t>::infinity());
      |                ^~~~~~~~~~~~~~~~~~~~~~~~~~~~~~~~~~~~~~~~~
/home/liangan1/miniconda3/envs/pt_xpu/lib/python3.11/site-packages/torch/include/ATen/Dispatch.h:197:66: note: expanded from macro 'AT_DISPATCH_FLOATING_TYPES'
  197 |   AT_DISPATCH_SWITCH(TYPE, NAME, AT_DISPATCH_CASE_FLOATING_TYPES(__VA_ARGS__))
      |                                                                  ^~~~~~~~~~~
/home/liangan1/miniconda3/envs/pt_xpu/lib/python3.11/site-packages/torch/include/ATen/Dispatch.h:193:44: note: expanded from macro 'AT_DISPATCH_CASE_FLOATING_TYPES'
  193 |   AT_DISPATCH_CASE(at::ScalarType::Double, __VA_ARGS__) \
      |                                            ^~~~~~~~~~~
/home/liangan1/miniconda3/envs/pt_xpu/lib/python3.11/site-packages/torch/include/ATen/Dispatch.h:71:56: note: expanded from macro 'AT_DISPATCH_CASE'
   71 |   AT_PRIVATE_CASE_TYPE_USING_HINT(enum_type, scalar_t, __VA_ARGS__)
      |                                                        ^~~~~~~~~~~
note: (skipping 1 expansions in backtrace; use -fmacro-backtrace-limit=0 to see all)
/home/liangan1/miniconda3/envs/pt_xpu/lib/python3.11/site-packages/torch/include/torch/headeronly/core/Dispatch.h:13:12: note: expanded from macro 'THO_PRIVATE_CASE_TYPE_USING_HINT_TMPL'
   13 |     return __VA_ARGS__();                                                    \
      |            ^~~~~~~~~~~
/home/liangan1/miniconda3/envs/pt_xpu/lib/python3.11/site-packages/torch/include/ATen/Dispatch.h:190:7: note: expanded from macro 'AT_DISPATCH_SWITCH'
  190 |       __VA_ARGS__)
      |       ^~~~~~~~~~~
/home/liangan1/miniconda3/envs/pt_xpu/lib/python3.11/site-packages/torch/include/torch/headeronly/core/Dispatch.h:40:7: note: expanded from macro 'THO_DISPATCH_SWITCH_TMPL'
   40 |       __VA_ARGS__                                                           \
      |       ^~~~~~~~~~~
In file included from /home/liangan1/cuda_to_sycl_examples/silu_and_mul/torch_ext/silu_and_mul_xpu_optimized.cpp:19:
In file included from /home/liangan1/miniconda3/envs/pt_xpu/lib/python3.11/site-packages/torch/include/torch/extension.h:6:
In file included from /home/liangan1/miniconda3/envs/pt_xpu/lib/python3.11/site-packages/torch/include/torch/csrc/api/include/torch/all.h:16:
In file included from /home/liangan1/miniconda3/envs/pt_xpu/lib/python3.11/site-packages/torch/include/torch/csrc/api/include/torch/nn.h:5:
In file included from /home/liangan1/miniconda3/envs/pt_xpu/lib/python3.11/site-packages/torch/include/torch/csrc/api/include/torch/nn/functional.h:12:
In file included from /home/liangan1/miniconda3/envs/pt_xpu/lib/python3.11/site-packages/torch/include/torch/csrc/api/include/torch/nn/functional/loss.h:5:
/home/liangan1/miniconda3/envs/pt_xpu/lib/python3.11/site-packages/torch/include/torch/csrc/api/include/torch/nn/functional/activation.h:900:16: warning: use of infinity is undefined behavior due to the currently enabled floating-point options [-Wnan-infinity-disabled]
  900 |               -std::numeric_limits<scalar_t>::infinity());
      |                ^~~~~~~~~~~~~~~~~~~~~~~~~~~~~~~~~~~~~~~~~
/home/liangan1/miniconda3/envs/pt_xpu/lib/python3.11/site-packages/torch/include/ATen/Dispatch.h:197:66: note: expanded from macro 'AT_DISPATCH_FLOATING_TYPES'
  197 |   AT_DISPATCH_SWITCH(TYPE, NAME, AT_DISPATCH_CASE_FLOATING_TYPES(__VA_ARGS__))
      |                                                                  ^~~~~~~~~~~
/home/liangan1/miniconda3/envs/pt_xpu/lib/python3.11/site-packages/torch/include/ATen/Dispatch.h:194:43: note: expanded from macro 'AT_DISPATCH_CASE_FLOATING_TYPES'
  194 |   AT_DISPATCH_CASE(at::ScalarType::Float, __VA_ARGS__)
      |                                           ^~~~~~~~~~~
/home/liangan1/miniconda3/envs/pt_xpu/lib/python3.11/site-packages/torch/include/ATen/Dispatch.h:71:56: note: expanded from macro 'AT_DISPATCH_CASE'
   71 |   AT_PRIVATE_CASE_TYPE_USING_HINT(enum_type, scalar_t, __VA_ARGS__)
      |                                                        ^~~~~~~~~~~
note: (skipping 1 expansions in backtrace; use -fmacro-backtrace-limit=0 to see all)
/home/liangan1/miniconda3/envs/pt_xpu/lib/python3.11/site-packages/torch/include/torch/headeronly/core/Dispatch.h:13:12: note: expanded from macro 'THO_PRIVATE_CASE_TYPE_USING_HINT_TMPL'
   13 |     return __VA_ARGS__();                                                    \
      |            ^~~~~~~~~~~
/home/liangan1/miniconda3/envs/pt_xpu/lib/python3.11/site-packages/torch/include/ATen/Dispatch.h:190:7: note: expanded from macro 'AT_DISPATCH_SWITCH'
  190 |       __VA_ARGS__)
      |       ^~~~~~~~~~~
/home/liangan1/miniconda3/envs/pt_xpu/lib/python3.11/site-packages/torch/include/torch/headeronly/core/Dispatch.h:40:7: note: expanded from macro 'THO_DISPATCH_SWITCH_TMPL'
   40 |       __VA_ARGS__                                                           \
      |       ^~~~~~~~~~~
In file included from /home/liangan1/cuda_to_sycl_examples/silu_and_mul/torch_ext/silu_and_mul_xpu_optimized.cpp:19:
In file included from /home/liangan1/miniconda3/envs/pt_xpu/lib/python3.11/site-packages/torch/include/torch/extension.h:6:
In file included from /home/liangan1/miniconda3/envs/pt_xpu/lib/python3.11/site-packages/torch/include/torch/csrc/api/include/torch/all.h:16:
In file included from /home/liangan1/miniconda3/envs/pt_xpu/lib/python3.11/site-packages/torch/include/torch/csrc/api/include/torch/nn.h:11:
In file included from /home/liangan1/miniconda3/envs/pt_xpu/lib/python3.11/site-packages/torch/include/torch/csrc/api/include/torch/nn/utils.h:4:
/home/liangan1/miniconda3/envs/pt_xpu/lib/python3.11/site-packages/torch/include/torch/csrc/api/include/torch/nn/utils/clip_grad.h:41:20: warning: use of infinity is undefined behavior due to the currently enabled floating-point options [-Wnan-infinity-disabled]
   41 |   if (norm_type == std::numeric_limits<double>::infinity()) {
      |                    ^~~~~~~~~~~~~~~~~~~~~~~~~~~~~~~~~~~~~~~
/home/liangan1/miniconda3/envs/pt_xpu/lib/python3.11/site-packages/torch/include/torch/csrc/api/include/torch/nn/utils/clip_grad.h:72:9: warning: use of infinity is undefined behavior due to the currently enabled floating-point options [-Wnan-infinity-disabled]
   72 |         std::isfinite(*total_norm),
      |         ^~~~~~~~~~~~~~~~~~~~~~~~~~
/home/liangan1/miniconda3/envs/pt_xpu/lib/python3.11/site-packages/torch/include/c10/util/Exception.h:593:31: note: expanded from macro 'TORCH_CHECK'
  593 |   if (C10_UNLIKELY_OR_CONST(!(cond))) {            \
      |                               ^~~~
/home/liangan1/miniconda3/envs/pt_xpu/lib/python3.11/site-packages/torch/include/torch/headeronly/util/Exception.h:28:47: note: expanded from macro 'C10_UNLIKELY_OR_CONST'
   28 | #define C10_UNLIKELY_OR_CONST(e) C10_UNLIKELY(e)
      |                                               ^
/home/liangan1/miniconda3/envs/pt_xpu/lib/python3.11/site-packages/torch/include/torch/headeronly/macros/Macros.h:202:64: note: expanded from macro 'C10_UNLIKELY'
  202 | #define C10_UNLIKELY(expr) (__builtin_expect(static_cast<bool>(expr), 0))
      |                                                                ^~~~
In file included from /home/liangan1/cuda_to_sycl_examples/silu_and_mul/torch_ext/silu_and_mul_xpu_optimized.cpp:19:
In file included from /home/liangan1/miniconda3/envs/pt_xpu/lib/python3.11/site-packages/torch/include/torch/extension.h:6:
In file included from /home/liangan1/miniconda3/envs/pt_xpu/lib/python3.11/site-packages/torch/include/torch/csrc/api/include/torch/all.h:8:
In file included from /home/liangan1/miniconda3/envs/pt_xpu/lib/python3.11/site-packages/torch/include/torch/csrc/api/include/torch/autograd.h:4:
In file included from /home/liangan1/miniconda3/envs/pt_xpu/lib/python3.11/site-packages/torch/include/torch/csrc/autograd/autograd.h:4:
In file included from /home/liangan1/miniconda3/envs/pt_xpu/lib/python3.11/site-packages/torch/include/torch/csrc/autograd/variable.h:7:
In file included from /home/liangan1/miniconda3/envs/pt_xpu/lib/python3.11/site-packages/torch/include/torch/csrc/autograd/cpp_hook.h:3:
In file included from /home/liangan1/miniconda3/envs/pt_xpu/lib/python3.11/site-packages/torch/include/torch/csrc/autograd/function_hook.h:4:
In file included from /home/liangan1/miniconda3/envs/pt_xpu/lib/python3.11/site-packages/torch/include/ATen/Tensor.h:4:
In file included from /home/liangan1/miniconda3/envs/pt_xpu/lib/python3.11/site-packages/torch/include/ATen/core/Tensor.h:4:
In file included from /home/liangan1/miniconda3/envs/pt_xpu/lib/python3.11/site-packages/torch/include/ATen/core/TensorBody.h:17:
In file included from /home/liangan1/miniconda3/envs/pt_xpu/lib/python3.11/site-packages/torch/include/c10/core/Scalar.h:19:
In file included from /home/liangan1/miniconda3/envs/pt_xpu/lib/python3.11/site-packages/torch/include/c10/util/TypeCast.h:12:
/home/liangan1/miniconda3/envs/pt_xpu/lib/python3.11/site-packages/torch/include/c10/util/overflows.h:66:30: warning: use of infinity is undefined behavior due to the currently enabled floating-point options [-Wnan-infinity-disabled]
   66 |   if (limit::has_infinity && std::isinf(static_cast<double>(f))) {
      |                              ^~~~~~~~~~~~~~~~~~~~~~~~~~~~~~~~~~
/home/liangan1/miniconda3/envs/pt_xpu/lib/python3.11/site-packages/torch/include/c10/util/TypeCast.h:201:36: note: in instantiation of function template specialization 'c10::overflows<unsigned char, double>' requested here
  201 |   if (!std::is_same_v<To, bool> && overflows<To, From>(f)) {
      |                                    ^
/home/liangan1/miniconda3/envs/pt_xpu/lib/python3.11/site-packages/torch/include/c10/core/Scalar.h:141:39: note: in instantiation of function template specialization 'c10::checked_convert<unsigned char, double>' requested here
  141 |   AT_FORALL_SCALAR_TYPES_WITH_COMPLEX(DEFINE_ACCESSOR)
      |                                       ^
/home/liangan1/miniconda3/envs/pt_xpu/lib/python3.11/site-packages/torch/include/torch/headeronly/core/ScalarType.h:82:3: note: expanded from macro 'AT_FORALL_SCALAR_TYPES_WITH_COMPLEX'
   82 |   _(uint8_t, Byte)                             \
      |   ^
/home/liangan1/miniconda3/envs/pt_xpu/lib/python3.11/site-packages/torch/include/c10/core/Scalar.h:117:14: note: expanded from macro 'DEFINE_ACCESSOR'
  117 |       return checked_convert<type, double>(v.d, #type);               \
      |              ^
In file included from /home/liangan1/cuda_to_sycl_examples/silu_and_mul/torch_ext/silu_and_mul_xpu_optimized.cpp:19:
In file included from /home/liangan1/miniconda3/envs/pt_xpu/lib/python3.11/site-packages/torch/include/torch/extension.h:6:
In file included from /home/liangan1/miniconda3/envs/pt_xpu/lib/python3.11/site-packages/torch/include/torch/csrc/api/include/torch/all.h:8:
In file included from /home/liangan1/miniconda3/envs/pt_xpu/lib/python3.11/site-packages/torch/include/torch/csrc/api/include/torch/autograd.h:4:
In file included from /home/liangan1/miniconda3/envs/pt_xpu/lib/python3.11/site-packages/torch/include/torch/csrc/autograd/autograd.h:4:
In file included from /home/liangan1/miniconda3/envs/pt_xpu/lib/python3.11/site-packages/torch/include/torch/csrc/autograd/variable.h:7:
In file included from /home/liangan1/miniconda3/envs/pt_xpu/lib/python3.11/site-packages/torch/include/torch/csrc/autograd/cpp_hook.h:3:
In file included from /home/liangan1/miniconda3/envs/pt_xpu/lib/python3.11/site-packages/torch/include/torch/csrc/autograd/function_hook.h:4:
In file included from /home/liangan1/miniconda3/envs/pt_xpu/lib/python3.11/site-packages/torch/include/ATen/Tensor.h:4:
In file included from /home/liangan1/miniconda3/envs/pt_xpu/lib/python3.11/site-packages/torch/include/ATen/core/Tensor.h:4:
In file included from /home/liangan1/miniconda3/envs/pt_xpu/lib/python3.11/site-packages/torch/include/ATen/core/TensorBody.h:17:
In file included from /home/liangan1/miniconda3/envs/pt_xpu/lib/python3.11/site-packages/torch/include/c10/core/Scalar.h:19:
In file included from /home/liangan1/miniconda3/envs/pt_xpu/lib/python3.11/site-packages/torch/include/c10/util/TypeCast.h:12:
/home/liangan1/miniconda3/envs/pt_xpu/lib/python3.11/site-packages/torch/include/c10/util/overflows.h:66:30: warning: use of infinity is undefined behavior due to the currently enabled floating-point options [-Wnan-infinity-disabled]
   66 |   if (limit::has_infinity && std::isinf(static_cast<double>(f))) {
      |                              ^~~~~~~~~~~~~~~~~~~~~~~~~~~~~~~~~~
/home/liangan1/miniconda3/envs/pt_xpu/lib/python3.11/site-packages/torch/include/c10/util/TypeCast.h:201:36: note: in instantiation of function template specialization 'c10::overflows<signed char, double>' requested here
  201 |   if (!std::is_same_v<To, bool> && overflows<To, From>(f)) {
      |                                    ^
/home/liangan1/miniconda3/envs/pt_xpu/lib/python3.11/site-packages/torch/include/c10/core/Scalar.h:141:39: note: in instantiation of function template specialization 'c10::checked_convert<signed char, double>' requested here
  141 |   AT_FORALL_SCALAR_TYPES_WITH_COMPLEX(DEFINE_ACCESSOR)
      |                                       ^
/home/liangan1/miniconda3/envs/pt_xpu/lib/python3.11/site-packages/torch/include/torch/headeronly/core/ScalarType.h:83:3: note: expanded from macro 'AT_FORALL_SCALAR_TYPES_WITH_COMPLEX'
   83 |   _(int8_t, Char)                              \
      |   ^
/home/liangan1/miniconda3/envs/pt_xpu/lib/python3.11/site-packages/torch/include/c10/core/Scalar.h:117:14: note: expanded from macro 'DEFINE_ACCESSOR'
  117 |       return checked_convert<type, double>(v.d, #type);               \
      |              ^
In file included from /home/liangan1/cuda_to_sycl_examples/silu_and_mul/torch_ext/silu_and_mul_xpu_optimized.cpp:19:
In file included from /home/liangan1/miniconda3/envs/pt_xpu/lib/python3.11/site-packages/torch/include/torch/extension.h:6:
In file included from /home/liangan1/miniconda3/envs/pt_xpu/lib/python3.11/site-packages/torch/include/torch/csrc/api/include/torch/all.h:8:
In file included from /home/liangan1/miniconda3/envs/pt_xpu/lib/python3.11/site-packages/torch/include/torch/csrc/api/include/torch/autograd.h:4:
In file included from /home/liangan1/miniconda3/envs/pt_xpu/lib/python3.11/site-packages/torch/include/torch/csrc/autograd/autograd.h:4:
In file included from /home/liangan1/miniconda3/envs/pt_xpu/lib/python3.11/site-packages/torch/include/torch/csrc/autograd/variable.h:7:
In file included from /home/liangan1/miniconda3/envs/pt_xpu/lib/python3.11/site-packages/torch/include/torch/csrc/autograd/cpp_hook.h:3:
In file included from /home/liangan1/miniconda3/envs/pt_xpu/lib/python3.11/site-packages/torch/include/torch/csrc/autograd/function_hook.h:4:
In file included from /home/liangan1/miniconda3/envs/pt_xpu/lib/python3.11/site-packages/torch/include/ATen/Tensor.h:4:
In file included from /home/liangan1/miniconda3/envs/pt_xpu/lib/python3.11/site-packages/torch/include/ATen/core/Tensor.h:4:
In file included from /home/liangan1/miniconda3/envs/pt_xpu/lib/python3.11/site-packages/torch/include/ATen/core/TensorBody.h:17:
In file included from /home/liangan1/miniconda3/envs/pt_xpu/lib/python3.11/site-packages/torch/include/c10/core/Scalar.h:19:
In file included from /home/liangan1/miniconda3/envs/pt_xpu/lib/python3.11/site-packages/torch/include/c10/util/TypeCast.h:12:
/home/liangan1/miniconda3/envs/pt_xpu/lib/python3.11/site-packages/torch/include/c10/util/overflows.h:66:30: warning: use of infinity is undefined behavior due to the currently enabled floating-point options [-Wnan-infinity-disabled]
   66 |   if (limit::has_infinity && std::isinf(static_cast<double>(f))) {
      |                              ^~~~~~~~~~~~~~~~~~~~~~~~~~~~~~~~~~
/home/liangan1/miniconda3/envs/pt_xpu/lib/python3.11/site-packages/torch/include/c10/util/TypeCast.h:201:36: note: in instantiation of function template specialization 'c10::overflows<short, double>' requested here
  201 |   if (!std::is_same_v<To, bool> && overflows<To, From>(f)) {
      |                                    ^
/home/liangan1/miniconda3/envs/pt_xpu/lib/python3.11/site-packages/torch/include/c10/core/Scalar.h:141:39: note: in instantiation of function template specialization 'c10::checked_convert<short, double>' requested here
  141 |   AT_FORALL_SCALAR_TYPES_WITH_COMPLEX(DEFINE_ACCESSOR)
      |                                       ^
/home/liangan1/miniconda3/envs/pt_xpu/lib/python3.11/site-packages/torch/include/torch/headeronly/core/ScalarType.h:84:3: note: expanded from macro 'AT_FORALL_SCALAR_TYPES_WITH_COMPLEX'
   84 |   _(int16_t, Short)                            \
      |   ^
/home/liangan1/miniconda3/envs/pt_xpu/lib/python3.11/site-packages/torch/include/c10/core/Scalar.h:117:14: note: expanded from macro 'DEFINE_ACCESSOR'
  117 |       return checked_convert<type, double>(v.d, #type);               \
      |              ^
In file included from /home/liangan1/cuda_to_sycl_examples/silu_and_mul/torch_ext/silu_and_mul_xpu_optimized.cpp:19:
In file included from /home/liangan1/miniconda3/envs/pt_xpu/lib/python3.11/site-packages/torch/include/torch/extension.h:6:
In file included from /home/liangan1/miniconda3/envs/pt_xpu/lib/python3.11/site-packages/torch/include/torch/csrc/api/include/torch/all.h:8:
In file included from /home/liangan1/miniconda3/envs/pt_xpu/lib/python3.11/site-packages/torch/include/torch/csrc/api/include/torch/autograd.h:4:
In file included from /home/liangan1/miniconda3/envs/pt_xpu/lib/python3.11/site-packages/torch/include/torch/csrc/autograd/autograd.h:4:
In file included from /home/liangan1/miniconda3/envs/pt_xpu/lib/python3.11/site-packages/torch/include/torch/csrc/autograd/variable.h:7:
In file included from /home/liangan1/miniconda3/envs/pt_xpu/lib/python3.11/site-packages/torch/include/torch/csrc/autograd/cpp_hook.h:3:
In file included from /home/liangan1/miniconda3/envs/pt_xpu/lib/python3.11/site-packages/torch/include/torch/csrc/autograd/function_hook.h:4:
In file included from /home/liangan1/miniconda3/envs/pt_xpu/lib/python3.11/site-packages/torch/include/ATen/Tensor.h:4:
In file included from /home/liangan1/miniconda3/envs/pt_xpu/lib/python3.11/site-packages/torch/include/ATen/core/Tensor.h:4:
In file included from /home/liangan1/miniconda3/envs/pt_xpu/lib/python3.11/site-packages/torch/include/ATen/core/TensorBody.h:17:
In file included from /home/liangan1/miniconda3/envs/pt_xpu/lib/python3.11/site-packages/torch/include/c10/core/Scalar.h:19:
In file included from /home/liangan1/miniconda3/envs/pt_xpu/lib/python3.11/site-packages/torch/include/c10/util/TypeCast.h:12:
/home/liangan1/miniconda3/envs/pt_xpu/lib/python3.11/site-packages/torch/include/c10/util/overflows.h:66:30: warning: use of infinity is undefined behavior due to the currently enabled floating-point options [-Wnan-infinity-disabled]
   66 |   if (limit::has_infinity && std::isinf(static_cast<double>(f))) {
      |                              ^~~~~~~~~~~~~~~~~~~~~~~~~~~~~~~~~~
/home/liangan1/miniconda3/envs/pt_xpu/lib/python3.11/site-packages/torch/include/c10/util/TypeCast.h:201:36: note: in instantiation of function template specialization 'c10::overflows<int, double>' requested here
  201 |   if (!std::is_same_v<To, bool> && overflows<To, From>(f)) {
      |                                    ^
/home/liangan1/miniconda3/envs/pt_xpu/lib/python3.11/site-packages/torch/include/c10/core/Scalar.h:141:39: note: in instantiation of function template specialization 'c10::checked_convert<int, double>' requested here
  141 |   AT_FORALL_SCALAR_TYPES_WITH_COMPLEX(DEFINE_ACCESSOR)
      |                                       ^
/home/liangan1/miniconda3/envs/pt_xpu/lib/python3.11/site-packages/torch/include/torch/headeronly/core/ScalarType.h:85:3: note: expanded from macro 'AT_FORALL_SCALAR_TYPES_WITH_COMPLEX'
   85 |   _(int, Int)                                  \
      |   ^
/home/liangan1/miniconda3/envs/pt_xpu/lib/python3.11/site-packages/torch/include/c10/core/Scalar.h:117:14: note: expanded from macro 'DEFINE_ACCESSOR'
  117 |       return checked_convert<type, double>(v.d, #type);               \
      |              ^
In file included from /home/liangan1/cuda_to_sycl_examples/silu_and_mul/torch_ext/silu_and_mul_xpu_optimized.cpp:19:
In file included from /home/liangan1/miniconda3/envs/pt_xpu/lib/python3.11/site-packages/torch/include/torch/extension.h:6:
In file included from /home/liangan1/miniconda3/envs/pt_xpu/lib/python3.11/site-packages/torch/include/torch/csrc/api/include/torch/all.h:8:
In file included from /home/liangan1/miniconda3/envs/pt_xpu/lib/python3.11/site-packages/torch/include/torch/csrc/api/include/torch/autograd.h:4:
In file included from /home/liangan1/miniconda3/envs/pt_xpu/lib/python3.11/site-packages/torch/include/torch/csrc/autograd/autograd.h:4:
In file included from /home/liangan1/miniconda3/envs/pt_xpu/lib/python3.11/site-packages/torch/include/torch/csrc/autograd/variable.h:7:
In file included from /home/liangan1/miniconda3/envs/pt_xpu/lib/python3.11/site-packages/torch/include/torch/csrc/autograd/cpp_hook.h:3:
In file included from /home/liangan1/miniconda3/envs/pt_xpu/lib/python3.11/site-packages/torch/include/torch/csrc/autograd/function_hook.h:4:
In file included from /home/liangan1/miniconda3/envs/pt_xpu/lib/python3.11/site-packages/torch/include/ATen/Tensor.h:4:
In file included from /home/liangan1/miniconda3/envs/pt_xpu/lib/python3.11/site-packages/torch/include/ATen/core/Tensor.h:4:
In file included from /home/liangan1/miniconda3/envs/pt_xpu/lib/python3.11/site-packages/torch/include/ATen/core/TensorBody.h:17:
In file included from /home/liangan1/miniconda3/envs/pt_xpu/lib/python3.11/site-packages/torch/include/c10/core/Scalar.h:19:
In file included from /home/liangan1/miniconda3/envs/pt_xpu/lib/python3.11/site-packages/torch/include/c10/util/TypeCast.h:12:
/home/liangan1/miniconda3/envs/pt_xpu/lib/python3.11/site-packages/torch/include/c10/util/overflows.h:66:30: warning: use of infinity is undefined behavior due to the currently enabled floating-point options [-Wnan-infinity-disabled]
   66 |   if (limit::has_infinity && std::isinf(static_cast<double>(f))) {
      |                              ^~~~~~~~~~~~~~~~~~~~~~~~~~~~~~~~~~
/home/liangan1/miniconda3/envs/pt_xpu/lib/python3.11/site-packages/torch/include/c10/util/TypeCast.h:201:36: note: in instantiation of function template specialization 'c10::overflows<long, double>' requested here
  201 |   if (!std::is_same_v<To, bool> && overflows<To, From>(f)) {
      |                                    ^
/home/liangan1/miniconda3/envs/pt_xpu/lib/python3.11/site-packages/torch/include/c10/core/Scalar.h:141:39: note: in instantiation of function template specialization 'c10::checked_convert<long, double>' requested here
  141 |   AT_FORALL_SCALAR_TYPES_WITH_COMPLEX(DEFINE_ACCESSOR)
      |                                       ^
/home/liangan1/miniconda3/envs/pt_xpu/lib/python3.11/site-packages/torch/include/torch/headeronly/core/ScalarType.h:86:3: note: expanded from macro 'AT_FORALL_SCALAR_TYPES_WITH_COMPLEX'
   86 |   _(int64_t, Long)                             \
      |   ^
/home/liangan1/miniconda3/envs/pt_xpu/lib/python3.11/site-packages/torch/include/c10/core/Scalar.h:117:14: note: expanded from macro 'DEFINE_ACCESSOR'
  117 |       return checked_convert<type, double>(v.d, #type);               \
      |              ^
In file included from /home/liangan1/cuda_to_sycl_examples/silu_and_mul/torch_ext/silu_and_mul_xpu_optimized.cpp:19:
In file included from /home/liangan1/miniconda3/envs/pt_xpu/lib/python3.11/site-packages/torch/include/torch/extension.h:6:
In file included from /home/liangan1/miniconda3/envs/pt_xpu/lib/python3.11/site-packages/torch/include/torch/csrc/api/include/torch/all.h:8:
In file included from /home/liangan1/miniconda3/envs/pt_xpu/lib/python3.11/site-packages/torch/include/torch/csrc/api/include/torch/autograd.h:4:
In file included from /home/liangan1/miniconda3/envs/pt_xpu/lib/python3.11/site-packages/torch/include/torch/csrc/autograd/autograd.h:4:
In file included from /home/liangan1/miniconda3/envs/pt_xpu/lib/python3.11/site-packages/torch/include/torch/csrc/autograd/variable.h:7:
In file included from /home/liangan1/miniconda3/envs/pt_xpu/lib/python3.11/site-packages/torch/include/torch/csrc/autograd/cpp_hook.h:3:
In file included from /home/liangan1/miniconda3/envs/pt_xpu/lib/python3.11/site-packages/torch/include/torch/csrc/autograd/function_hook.h:4:
In file included from /home/liangan1/miniconda3/envs/pt_xpu/lib/python3.11/site-packages/torch/include/ATen/Tensor.h:4:
In file included from /home/liangan1/miniconda3/envs/pt_xpu/lib/python3.11/site-packages/torch/include/ATen/core/Tensor.h:4:
In file included from /home/liangan1/miniconda3/envs/pt_xpu/lib/python3.11/site-packages/torch/include/ATen/core/TensorBody.h:17:
In file included from /home/liangan1/miniconda3/envs/pt_xpu/lib/python3.11/site-packages/torch/include/c10/core/Scalar.h:19:
In file included from /home/liangan1/miniconda3/envs/pt_xpu/lib/python3.11/site-packages/torch/include/c10/util/TypeCast.h:12:
/home/liangan1/miniconda3/envs/pt_xpu/lib/python3.11/site-packages/torch/include/c10/util/overflows.h:66:30: warning: use of infinity is undefined behavior due to the currently enabled floating-point options [-Wnan-infinity-disabled]
   66 |   if (limit::has_infinity && std::isinf(static_cast<double>(f))) {
      |                              ^~~~~~~~~~~~~~~~~~~~~~~~~~~~~~~~~~
/home/liangan1/miniconda3/envs/pt_xpu/lib/python3.11/site-packages/torch/include/c10/util/TypeCast.h:201:36: note: in instantiation of function template specialization 'c10::overflows<c10::Half, double>' requested here
  201 |   if (!std::is_same_v<To, bool> && overflows<To, From>(f)) {
      |                                    ^
/home/liangan1/miniconda3/envs/pt_xpu/lib/python3.11/site-packages/torch/include/c10/core/Scalar.h:141:39: note: in instantiation of function template specialization 'c10::checked_convert<c10::Half, double>' requested here
  141 |   AT_FORALL_SCALAR_TYPES_WITH_COMPLEX(DEFINE_ACCESSOR)
      |                                       ^
/home/liangan1/miniconda3/envs/pt_xpu/lib/python3.11/site-packages/torch/include/torch/headeronly/core/ScalarType.h:87:3: note: expanded from macro 'AT_FORALL_SCALAR_TYPES_WITH_COMPLEX'
   87 |   _(c10::Half, Half)                           \
      |   ^
/home/liangan1/miniconda3/envs/pt_xpu/lib/python3.11/site-packages/torch/include/c10/core/Scalar.h:117:14: note: expanded from macro 'DEFINE_ACCESSOR'
  117 |       return checked_convert<type, double>(v.d, #type);               \
      |              ^
In file included from /home/liangan1/cuda_to_sycl_examples/silu_and_mul/torch_ext/silu_and_mul_xpu_optimized.cpp:19:
In file included from /home/liangan1/miniconda3/envs/pt_xpu/lib/python3.11/site-packages/torch/include/torch/extension.h:6:
In file included from /home/liangan1/miniconda3/envs/pt_xpu/lib/python3.11/site-packages/torch/include/torch/csrc/api/include/torch/all.h:8:
In file included from /home/liangan1/miniconda3/envs/pt_xpu/lib/python3.11/site-packages/torch/include/torch/csrc/api/include/torch/autograd.h:4:
In file included from /home/liangan1/miniconda3/envs/pt_xpu/lib/python3.11/site-packages/torch/include/torch/csrc/autograd/autograd.h:4:
In file included from /home/liangan1/miniconda3/envs/pt_xpu/lib/python3.11/site-packages/torch/include/torch/csrc/autograd/variable.h:7:
In file included from /home/liangan1/miniconda3/envs/pt_xpu/lib/python3.11/site-packages/torch/include/torch/csrc/autograd/cpp_hook.h:3:
In file included from /home/liangan1/miniconda3/envs/pt_xpu/lib/python3.11/site-packages/torch/include/torch/csrc/autograd/function_hook.h:4:
In file included from /home/liangan1/miniconda3/envs/pt_xpu/lib/python3.11/site-packages/torch/include/ATen/Tensor.h:4:
In file included from /home/liangan1/miniconda3/envs/pt_xpu/lib/python3.11/site-packages/torch/include/ATen/core/Tensor.h:4:
In file included from /home/liangan1/miniconda3/envs/pt_xpu/lib/python3.11/site-packages/torch/include/ATen/core/TensorBody.h:17:
In file included from /home/liangan1/miniconda3/envs/pt_xpu/lib/python3.11/site-packages/torch/include/c10/core/Scalar.h:19:
In file included from /home/liangan1/miniconda3/envs/pt_xpu/lib/python3.11/site-packages/torch/include/c10/util/TypeCast.h:12:
/home/liangan1/miniconda3/envs/pt_xpu/lib/python3.11/site-packages/torch/include/c10/util/overflows.h:66:30: warning: use of infinity is undefined behavior due to the currently enabled floating-point options [-Wnan-infinity-disabled]
   66 |   if (limit::has_infinity && std::isinf(static_cast<double>(f))) {
      |                              ^~~~~~~~~~~~~~~~~~~~~~~~~~~~~~~~~~
/home/liangan1/miniconda3/envs/pt_xpu/lib/python3.11/site-packages/torch/include/c10/util/TypeCast.h:201:36: note: in instantiation of function template specialization 'c10::overflows<float, double>' requested here
  201 |   if (!std::is_same_v<To, bool> && overflows<To, From>(f)) {
      |                                    ^
/home/liangan1/miniconda3/envs/pt_xpu/lib/python3.11/site-packages/torch/include/c10/core/Scalar.h:141:39: note: in instantiation of function template specialization 'c10::checked_convert<float, double>' requested here
  141 |   AT_FORALL_SCALAR_TYPES_WITH_COMPLEX(DEFINE_ACCESSOR)
      |                                       ^
/home/liangan1/miniconda3/envs/pt_xpu/lib/python3.11/site-packages/torch/include/torch/headeronly/core/ScalarType.h:88:3: note: expanded from macro 'AT_FORALL_SCALAR_TYPES_WITH_COMPLEX'
   88 |   _(float, Float)                              \
      |   ^
/home/liangan1/miniconda3/envs/pt_xpu/lib/python3.11/site-packages/torch/include/c10/core/Scalar.h:117:14: note: expanded from macro 'DEFINE_ACCESSOR'
  117 |       return checked_convert<type, double>(v.d, #type);               \
      |              ^
In file included from /home/liangan1/cuda_to_sycl_examples/silu_and_mul/torch_ext/silu_and_mul_xpu_optimized.cpp:19:
In file included from /home/liangan1/miniconda3/envs/pt_xpu/lib/python3.11/site-packages/torch/include/torch/extension.h:6:
In file included from /home/liangan1/miniconda3/envs/pt_xpu/lib/python3.11/site-packages/torch/include/torch/csrc/api/include/torch/all.h:8:
In file included from /home/liangan1/miniconda3/envs/pt_xpu/lib/python3.11/site-packages/torch/include/torch/csrc/api/include/torch/autograd.h:4:
In file included from /home/liangan1/miniconda3/envs/pt_xpu/lib/python3.11/site-packages/torch/include/torch/csrc/autograd/autograd.h:4:
In file included from /home/liangan1/miniconda3/envs/pt_xpu/lib/python3.11/site-packages/torch/include/torch/csrc/autograd/variable.h:7:
In file included from /home/liangan1/miniconda3/envs/pt_xpu/lib/python3.11/site-packages/torch/include/torch/csrc/autograd/cpp_hook.h:3:
In file included from /home/liangan1/miniconda3/envs/pt_xpu/lib/python3.11/site-packages/torch/include/torch/csrc/autograd/function_hook.h:4:
In file included from /home/liangan1/miniconda3/envs/pt_xpu/lib/python3.11/site-packages/torch/include/ATen/Tensor.h:4:
In file included from /home/liangan1/miniconda3/envs/pt_xpu/lib/python3.11/site-packages/torch/include/ATen/core/Tensor.h:4:
In file included from /home/liangan1/miniconda3/envs/pt_xpu/lib/python3.11/site-packages/torch/include/ATen/core/TensorBody.h:17:
In file included from /home/liangan1/miniconda3/envs/pt_xpu/lib/python3.11/site-packages/torch/include/c10/core/Scalar.h:19:
In file included from /home/liangan1/miniconda3/envs/pt_xpu/lib/python3.11/site-packages/torch/include/c10/util/TypeCast.h:12:
/home/liangan1/miniconda3/envs/pt_xpu/lib/python3.11/site-packages/torch/include/c10/util/overflows.h:66:30: warning: use of infinity is undefined behavior due to the currently enabled floating-point options [-Wnan-infinity-disabled]
   66 |   if (limit::has_infinity && std::isinf(static_cast<double>(f))) {
      |                              ^~~~~~~~~~~~~~~~~~~~~~~~~~~~~~~~~~
/home/liangan1/miniconda3/envs/pt_xpu/lib/python3.11/site-packages/torch/include/c10/util/TypeCast.h:201:36: note: in instantiation of function template specialization 'c10::overflows<double, double>' requested here
  201 |   if (!std::is_same_v<To, bool> && overflows<To, From>(f)) {
      |                                    ^
/home/liangan1/miniconda3/envs/pt_xpu/lib/python3.11/site-packages/torch/include/c10/core/Scalar.h:141:39: note: in instantiation of function template specialization 'c10::checked_convert<double, double>' requested here
  141 |   AT_FORALL_SCALAR_TYPES_WITH_COMPLEX(DEFINE_ACCESSOR)
      |                                       ^
/home/liangan1/miniconda3/envs/pt_xpu/lib/python3.11/site-packages/torch/include/torch/headeronly/core/ScalarType.h:89:3: note: expanded from macro 'AT_FORALL_SCALAR_TYPES_WITH_COMPLEX'
   89 |   _(double, Double)                            \
      |   ^
/home/liangan1/miniconda3/envs/pt_xpu/lib/python3.11/site-packages/torch/include/c10/core/Scalar.h:117:14: note: expanded from macro 'DEFINE_ACCESSOR'
  117 |       return checked_convert<type, double>(v.d, #type);               \
      |              ^
In file included from /home/liangan1/cuda_to_sycl_examples/silu_and_mul/torch_ext/silu_and_mul_xpu_optimized.cpp:19:
In file included from /home/liangan1/miniconda3/envs/pt_xpu/lib/python3.11/site-packages/torch/include/torch/extension.h:6:
In file included from /home/liangan1/miniconda3/envs/pt_xpu/lib/python3.11/site-packages/torch/include/torch/csrc/api/include/torch/all.h:8:
In file included from /home/liangan1/miniconda3/envs/pt_xpu/lib/python3.11/site-packages/torch/include/torch/csrc/api/include/torch/autograd.h:4:
In file included from /home/liangan1/miniconda3/envs/pt_xpu/lib/python3.11/site-packages/torch/include/torch/csrc/autograd/autograd.h:4:
In file included from /home/liangan1/miniconda3/envs/pt_xpu/lib/python3.11/site-packages/torch/include/torch/csrc/autograd/variable.h:7:
In file included from /home/liangan1/miniconda3/envs/pt_xpu/lib/python3.11/site-packages/torch/include/torch/csrc/autograd/cpp_hook.h:3:
In file included from /home/liangan1/miniconda3/envs/pt_xpu/lib/python3.11/site-packages/torch/include/torch/csrc/autograd/function_hook.h:4:
In file included from /home/liangan1/miniconda3/envs/pt_xpu/lib/python3.11/site-packages/torch/include/ATen/Tensor.h:4:
In file included from /home/liangan1/miniconda3/envs/pt_xpu/lib/python3.11/site-packages/torch/include/ATen/core/Tensor.h:4:
In file included from /home/liangan1/miniconda3/envs/pt_xpu/lib/python3.11/site-packages/torch/include/ATen/core/TensorBody.h:17:
In file included from /home/liangan1/miniconda3/envs/pt_xpu/lib/python3.11/site-packages/torch/include/c10/core/Scalar.h:19:
In file included from /home/liangan1/miniconda3/envs/pt_xpu/lib/python3.11/site-packages/torch/include/c10/util/TypeCast.h:12:
/home/liangan1/miniconda3/envs/pt_xpu/lib/python3.11/site-packages/torch/include/c10/util/overflows.h:66:30: warning: use of infinity is undefined behavior due to the currently enabled floating-point options [-Wnan-infinity-disabled]
   66 |   if (limit::has_infinity && std::isinf(static_cast<double>(f))) {
      |                              ^~~~~~~~~~~~~~~~~~~~~~~~~~~~~~~~~~
/home/liangan1/miniconda3/envs/pt_xpu/lib/python3.11/site-packages/torch/include/c10/util/TypeCast.h:201:36: note: in instantiation of function template specialization 'c10::overflows<c10::complex<Half>, double>' requested here
  201 |   if (!std::is_same_v<To, bool> && overflows<To, From>(f)) {
      |                                    ^
/home/liangan1/miniconda3/envs/pt_xpu/lib/python3.11/site-packages/torch/include/c10/core/Scalar.h:141:39: note: in instantiation of function template specialization 'c10::checked_convert<c10::complex<Half>, double>' requested here
  141 |   AT_FORALL_SCALAR_TYPES_WITH_COMPLEX(DEFINE_ACCESSOR)
      |                                       ^
/home/liangan1/miniconda3/envs/pt_xpu/lib/python3.11/site-packages/torch/include/torch/headeronly/core/ScalarType.h:90:3: note: expanded from macro 'AT_FORALL_SCALAR_TYPES_WITH_COMPLEX'
   90 |   _(c10::complex<c10::Half>, ComplexHalf)      \
      |   ^
/home/liangan1/miniconda3/envs/pt_xpu/lib/python3.11/site-packages/torch/include/c10/core/Scalar.h:117:14: note: expanded from macro 'DEFINE_ACCESSOR'
  117 |       return checked_convert<type, double>(v.d, #type);               \
      |              ^
In file included from /home/liangan1/cuda_to_sycl_examples/silu_and_mul/torch_ext/silu_and_mul_xpu_optimized.cpp:19:
In file included from /home/liangan1/miniconda3/envs/pt_xpu/lib/python3.11/site-packages/torch/include/torch/extension.h:6:
In file included from /home/liangan1/miniconda3/envs/pt_xpu/lib/python3.11/site-packages/torch/include/torch/csrc/api/include/torch/all.h:8:
In file included from /home/liangan1/miniconda3/envs/pt_xpu/lib/python3.11/site-packages/torch/include/torch/csrc/api/include/torch/autograd.h:4:
In file included from /home/liangan1/miniconda3/envs/pt_xpu/lib/python3.11/site-packages/torch/include/torch/csrc/autograd/autograd.h:4:
In file included from /home/liangan1/miniconda3/envs/pt_xpu/lib/python3.11/site-packages/torch/include/torch/csrc/autograd/variable.h:7:
In file included from /home/liangan1/miniconda3/envs/pt_xpu/lib/python3.11/site-packages/torch/include/torch/csrc/autograd/cpp_hook.h:3:
In file included from /home/liangan1/miniconda3/envs/pt_xpu/lib/python3.11/site-packages/torch/include/torch/csrc/autograd/function_hook.h:4:
In file included from /home/liangan1/miniconda3/envs/pt_xpu/lib/python3.11/site-packages/torch/include/ATen/Tensor.h:4:
In file included from /home/liangan1/miniconda3/envs/pt_xpu/lib/python3.11/site-packages/torch/include/ATen/core/Tensor.h:4:
In file included from /home/liangan1/miniconda3/envs/pt_xpu/lib/python3.11/site-packages/torch/include/ATen/core/TensorBody.h:17:
In file included from /home/liangan1/miniconda3/envs/pt_xpu/lib/python3.11/site-packages/torch/include/c10/core/Scalar.h:19:
In file included from /home/liangan1/miniconda3/envs/pt_xpu/lib/python3.11/site-packages/torch/include/c10/util/TypeCast.h:12:
/home/liangan1/miniconda3/envs/pt_xpu/lib/python3.11/site-packages/torch/include/c10/util/overflows.h:66:30: warning: use of infinity is undefined behavior due to the currently enabled floating-point options [-Wnan-infinity-disabled]
   66 |   if (limit::has_infinity && std::isinf(static_cast<double>(f))) {
      |                              ^~~~~~~~~~~~~~~~~~~~~~~~~~~~~~~~~~
/home/liangan1/miniconda3/envs/pt_xpu/lib/python3.11/site-packages/torch/include/c10/util/TypeCast.h:201:36: note: in instantiation of function template specialization 'c10::overflows<c10::complex<float>, double>' requested here
  201 |   if (!std::is_same_v<To, bool> && overflows<To, From>(f)) {
      |                                    ^
/home/liangan1/miniconda3/envs/pt_xpu/lib/python3.11/site-packages/torch/include/c10/core/Scalar.h:141:39: note: in instantiation of function template specialization 'c10::checked_convert<c10::complex<float>, double>' requested here
  141 |   AT_FORALL_SCALAR_TYPES_WITH_COMPLEX(DEFINE_ACCESSOR)
      |                                       ^
/home/liangan1/miniconda3/envs/pt_xpu/lib/python3.11/site-packages/torch/include/torch/headeronly/core/ScalarType.h:91:3: note: expanded from macro 'AT_FORALL_SCALAR_TYPES_WITH_COMPLEX'
   91 |   _(c10::complex<float>, ComplexFloat)         \
      |   ^
/home/liangan1/miniconda3/envs/pt_xpu/lib/python3.11/site-packages/torch/include/c10/core/Scalar.h:117:14: note: expanded from macro 'DEFINE_ACCESSOR'
  117 |       return checked_convert<type, double>(v.d, #type);               \
      |              ^
In file included from /home/liangan1/cuda_to_sycl_examples/silu_and_mul/torch_ext/silu_and_mul_xpu_optimized.cpp:19:
In file included from /home/liangan1/miniconda3/envs/pt_xpu/lib/python3.11/site-packages/torch/include/torch/extension.h:6:
In file included from /home/liangan1/miniconda3/envs/pt_xpu/lib/python3.11/site-packages/torch/include/torch/csrc/api/include/torch/all.h:8:
In file included from /home/liangan1/miniconda3/envs/pt_xpu/lib/python3.11/site-packages/torch/include/torch/csrc/api/include/torch/autograd.h:4:
In file included from /home/liangan1/miniconda3/envs/pt_xpu/lib/python3.11/site-packages/torch/include/torch/csrc/autograd/autograd.h:4:
In file included from /home/liangan1/miniconda3/envs/pt_xpu/lib/python3.11/site-packages/torch/include/torch/csrc/autograd/variable.h:7:
In file included from /home/liangan1/miniconda3/envs/pt_xpu/lib/python3.11/site-packages/torch/include/torch/csrc/autograd/cpp_hook.h:3:
In file included from /home/liangan1/miniconda3/envs/pt_xpu/lib/python3.11/site-packages/torch/include/torch/csrc/autograd/function_hook.h:4:
In file included from /home/liangan1/miniconda3/envs/pt_xpu/lib/python3.11/site-packages/torch/include/ATen/Tensor.h:4:
In file included from /home/liangan1/miniconda3/envs/pt_xpu/lib/python3.11/site-packages/torch/include/ATen/core/Tensor.h:4:
In file included from /home/liangan1/miniconda3/envs/pt_xpu/lib/python3.11/site-packages/torch/include/ATen/core/TensorBody.h:17:
In file included from /home/liangan1/miniconda3/envs/pt_xpu/lib/python3.11/site-packages/torch/include/c10/core/Scalar.h:19:
In file included from /home/liangan1/miniconda3/envs/pt_xpu/lib/python3.11/site-packages/torch/include/c10/util/TypeCast.h:12:
/home/liangan1/miniconda3/envs/pt_xpu/lib/python3.11/site-packages/torch/include/c10/util/overflows.h:66:30: warning: use of infinity is undefined behavior due to the currently enabled floating-point options [-Wnan-infinity-disabled]
   66 |   if (limit::has_infinity && std::isinf(static_cast<double>(f))) {
      |                              ^~~~~~~~~~~~~~~~~~~~~~~~~~~~~~~~~~
/home/liangan1/miniconda3/envs/pt_xpu/lib/python3.11/site-packages/torch/include/c10/util/TypeCast.h:201:36: note: in instantiation of function template specialization 'c10::overflows<c10::complex<double>, double>' requested here
  201 |   if (!std::is_same_v<To, bool> && overflows<To, From>(f)) {
      |                                    ^
/home/liangan1/miniconda3/envs/pt_xpu/lib/python3.11/site-packages/torch/include/c10/core/Scalar.h:141:39: note: in instantiation of function template specialization 'c10::checked_convert<c10::complex<double>, double>' requested here
  141 |   AT_FORALL_SCALAR_TYPES_WITH_COMPLEX(DEFINE_ACCESSOR)
      |                                       ^
/home/liangan1/miniconda3/envs/pt_xpu/lib/python3.11/site-packages/torch/include/torch/headeronly/core/ScalarType.h:92:3: note: expanded from macro 'AT_FORALL_SCALAR_TYPES_WITH_COMPLEX'
   92 |   _(c10::complex<double>, ComplexDouble)       \
      |   ^
/home/liangan1/miniconda3/envs/pt_xpu/lib/python3.11/site-packages/torch/include/c10/core/Scalar.h:117:14: note: expanded from macro 'DEFINE_ACCESSOR'
  117 |       return checked_convert<type, double>(v.d, #type);               \
      |              ^
In file included from /home/liangan1/cuda_to_sycl_examples/silu_and_mul/torch_ext/silu_and_mul_xpu_optimized.cpp:19:
In file included from /home/liangan1/miniconda3/envs/pt_xpu/lib/python3.11/site-packages/torch/include/torch/extension.h:6:
In file included from /home/liangan1/miniconda3/envs/pt_xpu/lib/python3.11/site-packages/torch/include/torch/csrc/api/include/torch/all.h:8:
In file included from /home/liangan1/miniconda3/envs/pt_xpu/lib/python3.11/site-packages/torch/include/torch/csrc/api/include/torch/autograd.h:4:
In file included from /home/liangan1/miniconda3/envs/pt_xpu/lib/python3.11/site-packages/torch/include/torch/csrc/autograd/autograd.h:4:
In file included from /home/liangan1/miniconda3/envs/pt_xpu/lib/python3.11/site-packages/torch/include/torch/csrc/autograd/variable.h:7:
In file included from /home/liangan1/miniconda3/envs/pt_xpu/lib/python3.11/site-packages/torch/include/torch/csrc/autograd/cpp_hook.h:3:
In file included from /home/liangan1/miniconda3/envs/pt_xpu/lib/python3.11/site-packages/torch/include/torch/csrc/autograd/function_hook.h:4:
In file included from /home/liangan1/miniconda3/envs/pt_xpu/lib/python3.11/site-packages/torch/include/ATen/Tensor.h:4:
In file included from /home/liangan1/miniconda3/envs/pt_xpu/lib/python3.11/site-packages/torch/include/ATen/core/Tensor.h:4:
In file included from /home/liangan1/miniconda3/envs/pt_xpu/lib/python3.11/site-packages/torch/include/ATen/core/TensorBody.h:17:
In file included from /home/liangan1/miniconda3/envs/pt_xpu/lib/python3.11/site-packages/torch/include/c10/core/Scalar.h:19:
In file included from /home/liangan1/miniconda3/envs/pt_xpu/lib/python3.11/site-packages/torch/include/c10/util/TypeCast.h:12:
/home/liangan1/miniconda3/envs/pt_xpu/lib/python3.11/site-packages/torch/include/c10/util/overflows.h:66:30: warning: use of infinity is undefined behavior due to the currently enabled floating-point options [-Wnan-infinity-disabled]
   66 |   if (limit::has_infinity && std::isinf(static_cast<double>(f))) {
      |                              ^~~~~~~~~~~~~~~~~~~~~~~~~~~~~~~~~~
/home/liangan1/miniconda3/envs/pt_xpu/lib/python3.11/site-packages/torch/include/c10/util/TypeCast.h:201:36: note: in instantiation of function template specialization 'c10::overflows<bool, double>' requested here
  201 |   if (!std::is_same_v<To, bool> && overflows<To, From>(f)) {
      |                                    ^
/home/liangan1/miniconda3/envs/pt_xpu/lib/python3.11/site-packages/torch/include/c10/core/Scalar.h:141:39: note: in instantiation of function template specialization 'c10::checked_convert<bool, double>' requested here
  141 |   AT_FORALL_SCALAR_TYPES_WITH_COMPLEX(DEFINE_ACCESSOR)
      |                                       ^
/home/liangan1/miniconda3/envs/pt_xpu/lib/python3.11/site-packages/torch/include/torch/headeronly/core/ScalarType.h:93:3: note: expanded from macro 'AT_FORALL_SCALAR_TYPES_WITH_COMPLEX'
   93 |   _(bool, Bool)                                \
      |   ^
/home/liangan1/miniconda3/envs/pt_xpu/lib/python3.11/site-packages/torch/include/c10/core/Scalar.h:117:14: note: expanded from macro 'DEFINE_ACCESSOR'
  117 |       return checked_convert<type, double>(v.d, #type);               \
      |              ^
In file included from /home/liangan1/cuda_to_sycl_examples/silu_and_mul/torch_ext/silu_and_mul_xpu_optimized.cpp:19:
In file included from /home/liangan1/miniconda3/envs/pt_xpu/lib/python3.11/site-packages/torch/include/torch/extension.h:6:
In file included from /home/liangan1/miniconda3/envs/pt_xpu/lib/python3.11/site-packages/torch/include/torch/csrc/api/include/torch/all.h:8:
In file included from /home/liangan1/miniconda3/envs/pt_xpu/lib/python3.11/site-packages/torch/include/torch/csrc/api/include/torch/autograd.h:4:
In file included from /home/liangan1/miniconda3/envs/pt_xpu/lib/python3.11/site-packages/torch/include/torch/csrc/autograd/autograd.h:4:
In file included from /home/liangan1/miniconda3/envs/pt_xpu/lib/python3.11/site-packages/torch/include/torch/csrc/autograd/variable.h:7:
In file included from /home/liangan1/miniconda3/envs/pt_xpu/lib/python3.11/site-packages/torch/include/torch/csrc/autograd/cpp_hook.h:3:
In file included from /home/liangan1/miniconda3/envs/pt_xpu/lib/python3.11/site-packages/torch/include/torch/csrc/autograd/function_hook.h:4:
In file included from /home/liangan1/miniconda3/envs/pt_xpu/lib/python3.11/site-packages/torch/include/ATen/Tensor.h:4:
In file included from /home/liangan1/miniconda3/envs/pt_xpu/lib/python3.11/site-packages/torch/include/ATen/core/Tensor.h:4:
In file included from /home/liangan1/miniconda3/envs/pt_xpu/lib/python3.11/site-packages/torch/include/ATen/core/TensorBody.h:17:
In file included from /home/liangan1/miniconda3/envs/pt_xpu/lib/python3.11/site-packages/torch/include/c10/core/Scalar.h:19:
In file included from /home/liangan1/miniconda3/envs/pt_xpu/lib/python3.11/site-packages/torch/include/c10/util/TypeCast.h:12:
/home/liangan1/miniconda3/envs/pt_xpu/lib/python3.11/site-packages/torch/include/c10/util/overflows.h:66:30: warning: use of infinity is undefined behavior due to the currently enabled floating-point options [-Wnan-infinity-disabled]
   66 |   if (limit::has_infinity && std::isinf(static_cast<double>(f))) {
      |                              ^~~~~~~~~~~~~~~~~~~~~~~~~~~~~~~~~~
/home/liangan1/miniconda3/envs/pt_xpu/lib/python3.11/site-packages/torch/include/c10/util/TypeCast.h:201:36: note: in instantiation of function template specialization 'c10::overflows<c10::BFloat16, double>' requested here
  201 |   if (!std::is_same_v<To, bool> && overflows<To, From>(f)) {
      |                                    ^
/home/liangan1/miniconda3/envs/pt_xpu/lib/python3.11/site-packages/torch/include/c10/core/Scalar.h:141:39: note: in instantiation of function template specialization 'c10::checked_convert<c10::BFloat16, double>' requested here
  141 |   AT_FORALL_SCALAR_TYPES_WITH_COMPLEX(DEFINE_ACCESSOR)
      |                                       ^
/home/liangan1/miniconda3/envs/pt_xpu/lib/python3.11/site-packages/torch/include/torch/headeronly/core/ScalarType.h:94:3: note: expanded from macro 'AT_FORALL_SCALAR_TYPES_WITH_COMPLEX'
   94 |   _(c10::BFloat16, BFloat16)                   \
      |   ^
/home/liangan1/miniconda3/envs/pt_xpu/lib/python3.11/site-packages/torch/include/c10/core/Scalar.h:117:14: note: expanded from macro 'DEFINE_ACCESSOR'
  117 |       return checked_convert<type, double>(v.d, #type);               \
      |              ^
In file included from /home/liangan1/cuda_to_sycl_examples/silu_and_mul/torch_ext/silu_and_mul_xpu_optimized.cpp:19:
In file included from /home/liangan1/miniconda3/envs/pt_xpu/lib/python3.11/site-packages/torch/include/torch/extension.h:6:
In file included from /home/liangan1/miniconda3/envs/pt_xpu/lib/python3.11/site-packages/torch/include/torch/csrc/api/include/torch/all.h:8:
In file included from /home/liangan1/miniconda3/envs/pt_xpu/lib/python3.11/site-packages/torch/include/torch/csrc/api/include/torch/autograd.h:4:
In file included from /home/liangan1/miniconda3/envs/pt_xpu/lib/python3.11/site-packages/torch/include/torch/csrc/autograd/autograd.h:4:
In file included from /home/liangan1/miniconda3/envs/pt_xpu/lib/python3.11/site-packages/torch/include/torch/csrc/autograd/variable.h:7:
In file included from /home/liangan1/miniconda3/envs/pt_xpu/lib/python3.11/site-packages/torch/include/torch/csrc/autograd/cpp_hook.h:3:
In file included from /home/liangan1/miniconda3/envs/pt_xpu/lib/python3.11/site-packages/torch/include/torch/csrc/autograd/function_hook.h:4:
In file included from /home/liangan1/miniconda3/envs/pt_xpu/lib/python3.11/site-packages/torch/include/ATen/Tensor.h:4:
In file included from /home/liangan1/miniconda3/envs/pt_xpu/lib/python3.11/site-packages/torch/include/ATen/core/Tensor.h:4:
In file included from /home/liangan1/miniconda3/envs/pt_xpu/lib/python3.11/site-packages/torch/include/ATen/core/TensorBody.h:17:
In file included from /home/liangan1/miniconda3/envs/pt_xpu/lib/python3.11/site-packages/torch/include/c10/core/Scalar.h:19:
In file included from /home/liangan1/miniconda3/envs/pt_xpu/lib/python3.11/site-packages/torch/include/c10/util/TypeCast.h:12:
/home/liangan1/miniconda3/envs/pt_xpu/lib/python3.11/site-packages/torch/include/c10/util/overflows.h:66:30: warning: use of infinity is undefined behavior due to the currently enabled floating-point options [-Wnan-infinity-disabled]
   66 |   if (limit::has_infinity && std::isinf(static_cast<double>(f))) {
      |                              ^~~~~~~~~~~~~~~~~~~~~~~~~~~~~~~~~~
/home/liangan1/miniconda3/envs/pt_xpu/lib/python3.11/site-packages/torch/include/c10/util/TypeCast.h:201:36: note: in instantiation of function template specialization 'c10::overflows<c10::Float8_e5m2, double>' requested here
  201 |   if (!std::is_same_v<To, bool> && overflows<To, From>(f)) {
      |                                    ^
/home/liangan1/miniconda3/envs/pt_xpu/lib/python3.11/site-packages/torch/include/c10/core/Scalar.h:141:39: note: in instantiation of function template specialization 'c10::checked_convert<c10::Float8_e5m2, double>' requested here
  141 |   AT_FORALL_SCALAR_TYPES_WITH_COMPLEX(DEFINE_ACCESSOR)
      |                                       ^
/home/liangan1/miniconda3/envs/pt_xpu/lib/python3.11/site-packages/torch/include/torch/headeronly/core/ScalarType.h:95:3: note: expanded from macro 'AT_FORALL_SCALAR_TYPES_WITH_COMPLEX'
   95 |   _(c10::Float8_e5m2, Float8_e5m2)             \
      |   ^
/home/liangan1/miniconda3/envs/pt_xpu/lib/python3.11/site-packages/torch/include/c10/core/Scalar.h:117:14: note: expanded from macro 'DEFINE_ACCESSOR'
  117 |       return checked_convert<type, double>(v.d, #type);               \
      |              ^
In file included from /home/liangan1/cuda_to_sycl_examples/silu_and_mul/torch_ext/silu_and_mul_xpu_optimized.cpp:19:
In file included from /home/liangan1/miniconda3/envs/pt_xpu/lib/python3.11/site-packages/torch/include/torch/extension.h:6:
In file included from /home/liangan1/miniconda3/envs/pt_xpu/lib/python3.11/site-packages/torch/include/torch/csrc/api/include/torch/all.h:8:
In file included from /home/liangan1/miniconda3/envs/pt_xpu/lib/python3.11/site-packages/torch/include/torch/csrc/api/include/torch/autograd.h:4:
In file included from /home/liangan1/miniconda3/envs/pt_xpu/lib/python3.11/site-packages/torch/include/torch/csrc/autograd/autograd.h:4:
In file included from /home/liangan1/miniconda3/envs/pt_xpu/lib/python3.11/site-packages/torch/include/torch/csrc/autograd/variable.h:7:
In file included from /home/liangan1/miniconda3/envs/pt_xpu/lib/python3.11/site-packages/torch/include/torch/csrc/autograd/cpp_hook.h:3:
In file included from /home/liangan1/miniconda3/envs/pt_xpu/lib/python3.11/site-packages/torch/include/torch/csrc/autograd/function_hook.h:4:
In file included from /home/liangan1/miniconda3/envs/pt_xpu/lib/python3.11/site-packages/torch/include/ATen/Tensor.h:4:
In file included from /home/liangan1/miniconda3/envs/pt_xpu/lib/python3.11/site-packages/torch/include/ATen/core/Tensor.h:4:
In file included from /home/liangan1/miniconda3/envs/pt_xpu/lib/python3.11/site-packages/torch/include/ATen/core/TensorBody.h:17:
In file included from /home/liangan1/miniconda3/envs/pt_xpu/lib/python3.11/site-packages/torch/include/c10/core/Scalar.h:19:
In file included from /home/liangan1/miniconda3/envs/pt_xpu/lib/python3.11/site-packages/torch/include/c10/util/TypeCast.h:12:
/home/liangan1/miniconda3/envs/pt_xpu/lib/python3.11/site-packages/torch/include/c10/util/overflows.h:66:30: warning: use of infinity is undefined behavior due to the currently enabled floating-point options [-Wnan-infinity-disabled]
   66 |   if (limit::has_infinity && std::isinf(static_cast<double>(f))) {
      |                              ^~~~~~~~~~~~~~~~~~~~~~~~~~~~~~~~~~
/home/liangan1/miniconda3/envs/pt_xpu/lib/python3.11/site-packages/torch/include/c10/util/TypeCast.h:201:36: note: in instantiation of function template specialization 'c10::overflows<c10::Float8_e4m3fn, double>' requested here
  201 |   if (!std::is_same_v<To, bool> && overflows<To, From>(f)) {
      |                                    ^
/home/liangan1/miniconda3/envs/pt_xpu/lib/python3.11/site-packages/torch/include/c10/core/Scalar.h:141:39: note: in instantiation of function template specialization 'c10::checked_convert<c10::Float8_e4m3fn, double>' requested here
  141 |   AT_FORALL_SCALAR_TYPES_WITH_COMPLEX(DEFINE_ACCESSOR)
      |                                       ^
/home/liangan1/miniconda3/envs/pt_xpu/lib/python3.11/site-packages/torch/include/torch/headeronly/core/ScalarType.h:96:3: note: expanded from macro 'AT_FORALL_SCALAR_TYPES_WITH_COMPLEX'
   96 |   _(c10::Float8_e4m3fn, Float8_e4m3fn)         \
      |   ^
/home/liangan1/miniconda3/envs/pt_xpu/lib/python3.11/site-packages/torch/include/c10/core/Scalar.h:117:14: note: expanded from macro 'DEFINE_ACCESSOR'
  117 |       return checked_convert<type, double>(v.d, #type);               \
      |              ^
In file included from /home/liangan1/cuda_to_sycl_examples/silu_and_mul/torch_ext/silu_and_mul_xpu_optimized.cpp:19:
In file included from /home/liangan1/miniconda3/envs/pt_xpu/lib/python3.11/site-packages/torch/include/torch/extension.h:6:
In file included from /home/liangan1/miniconda3/envs/pt_xpu/lib/python3.11/site-packages/torch/include/torch/csrc/api/include/torch/all.h:8:
In file included from /home/liangan1/miniconda3/envs/pt_xpu/lib/python3.11/site-packages/torch/include/torch/csrc/api/include/torch/autograd.h:4:
In file included from /home/liangan1/miniconda3/envs/pt_xpu/lib/python3.11/site-packages/torch/include/torch/csrc/autograd/autograd.h:4:
In file included from /home/liangan1/miniconda3/envs/pt_xpu/lib/python3.11/site-packages/torch/include/torch/csrc/autograd/variable.h:7:
In file included from /home/liangan1/miniconda3/envs/pt_xpu/lib/python3.11/site-packages/torch/include/torch/csrc/autograd/cpp_hook.h:3:
In file included from /home/liangan1/miniconda3/envs/pt_xpu/lib/python3.11/site-packages/torch/include/torch/csrc/autograd/function_hook.h:4:
In file included from /home/liangan1/miniconda3/envs/pt_xpu/lib/python3.11/site-packages/torch/include/ATen/Tensor.h:4:
In file included from /home/liangan1/miniconda3/envs/pt_xpu/lib/python3.11/site-packages/torch/include/ATen/core/Tensor.h:4:
In file included from /home/liangan1/miniconda3/envs/pt_xpu/lib/python3.11/site-packages/torch/include/ATen/core/TensorBody.h:17:
In file included from /home/liangan1/miniconda3/envs/pt_xpu/lib/python3.11/site-packages/torch/include/c10/core/Scalar.h:19:
In file included from /home/liangan1/miniconda3/envs/pt_xpu/lib/python3.11/site-packages/torch/include/c10/util/TypeCast.h:12:
/home/liangan1/miniconda3/envs/pt_xpu/lib/python3.11/site-packages/torch/include/c10/util/overflows.h:66:30: warning: use of infinity is undefined behavior due to the currently enabled floating-point options [-Wnan-infinity-disabled]
   66 |   if (limit::has_infinity && std::isinf(static_cast<double>(f))) {
      |                              ^~~~~~~~~~~~~~~~~~~~~~~~~~~~~~~~~~
/home/liangan1/miniconda3/envs/pt_xpu/lib/python3.11/site-packages/torch/include/c10/util/TypeCast.h:201:36: note: in instantiation of function template specialization 'c10::overflows<c10::Float8_e5m2fnuz, double>' requested here
  201 |   if (!std::is_same_v<To, bool> && overflows<To, From>(f)) {
      |                                    ^
/home/liangan1/miniconda3/envs/pt_xpu/lib/python3.11/site-packages/torch/include/c10/core/Scalar.h:141:39: note: in instantiation of function template specialization 'c10::checked_convert<c10::Float8_e5m2fnuz, double>' requested here
  141 |   AT_FORALL_SCALAR_TYPES_WITH_COMPLEX(DEFINE_ACCESSOR)
      |                                       ^
/home/liangan1/miniconda3/envs/pt_xpu/lib/python3.11/site-packages/torch/include/torch/headeronly/core/ScalarType.h:97:3: note: expanded from macro 'AT_FORALL_SCALAR_TYPES_WITH_COMPLEX'
   97 |   _(c10::Float8_e5m2fnuz, Float8_e5m2fnuz)     \
      |   ^
/home/liangan1/miniconda3/envs/pt_xpu/lib/python3.11/site-packages/torch/include/c10/core/Scalar.h:117:14: note: expanded from macro 'DEFINE_ACCESSOR'
  117 |       return checked_convert<type, double>(v.d, #type);               \
      |              ^
In file included from /home/liangan1/cuda_to_sycl_examples/silu_and_mul/torch_ext/silu_and_mul_xpu_optimized.cpp:19:
In file included from /home/liangan1/miniconda3/envs/pt_xpu/lib/python3.11/site-packages/torch/include/torch/extension.h:6:
In file included from /home/liangan1/miniconda3/envs/pt_xpu/lib/python3.11/site-packages/torch/include/torch/csrc/api/include/torch/all.h:8:
In file included from /home/liangan1/miniconda3/envs/pt_xpu/lib/python3.11/site-packages/torch/include/torch/csrc/api/include/torch/autograd.h:4:
In file included from /home/liangan1/miniconda3/envs/pt_xpu/lib/python3.11/site-packages/torch/include/torch/csrc/autograd/autograd.h:4:
In file included from /home/liangan1/miniconda3/envs/pt_xpu/lib/python3.11/site-packages/torch/include/torch/csrc/autograd/variable.h:7:
In file included from /home/liangan1/miniconda3/envs/pt_xpu/lib/python3.11/site-packages/torch/include/torch/csrc/autograd/cpp_hook.h:3:
In file included from /home/liangan1/miniconda3/envs/pt_xpu/lib/python3.11/site-packages/torch/include/torch/csrc/autograd/function_hook.h:4:
In file included from /home/liangan1/miniconda3/envs/pt_xpu/lib/python3.11/site-packages/torch/include/ATen/Tensor.h:4:
In file included from /home/liangan1/miniconda3/envs/pt_xpu/lib/python3.11/site-packages/torch/include/ATen/core/Tensor.h:4:
In file included from /home/liangan1/miniconda3/envs/pt_xpu/lib/python3.11/site-packages/torch/include/ATen/core/TensorBody.h:17:
In file included from /home/liangan1/miniconda3/envs/pt_xpu/lib/python3.11/site-packages/torch/include/c10/core/Scalar.h:19:
In file included from /home/liangan1/miniconda3/envs/pt_xpu/lib/python3.11/site-packages/torch/include/c10/util/TypeCast.h:12:
/home/liangan1/miniconda3/envs/pt_xpu/lib/python3.11/site-packages/torch/include/c10/util/overflows.h:66:30: warning: use of infinity is undefined behavior due to the currently enabled floating-point options [-Wnan-infinity-disabled]
   66 |   if (limit::has_infinity && std::isinf(static_cast<double>(f))) {
      |                              ^~~~~~~~~~~~~~~~~~~~~~~~~~~~~~~~~~
/home/liangan1/miniconda3/envs/pt_xpu/lib/python3.11/site-packages/torch/include/c10/util/TypeCast.h:201:36: note: in instantiation of function template specialization 'c10::overflows<c10::Float8_e4m3fnuz, double>' requested here
  201 |   if (!std::is_same_v<To, bool> && overflows<To, From>(f)) {
      |                                    ^
/home/liangan1/miniconda3/envs/pt_xpu/lib/python3.11/site-packages/torch/include/c10/core/Scalar.h:141:39: note: in instantiation of function template specialization 'c10::checked_convert<c10::Float8_e4m3fnuz, double>' requested here
  141 |   AT_FORALL_SCALAR_TYPES_WITH_COMPLEX(DEFINE_ACCESSOR)
      |                                       ^
/home/liangan1/miniconda3/envs/pt_xpu/lib/python3.11/site-packages/torch/include/torch/headeronly/core/ScalarType.h:98:3: note: expanded from macro 'AT_FORALL_SCALAR_TYPES_WITH_COMPLEX'
   98 |   _(c10::Float8_e4m3fnuz, Float8_e4m3fnuz)     \
      |   ^
/home/liangan1/miniconda3/envs/pt_xpu/lib/python3.11/site-packages/torch/include/c10/core/Scalar.h:117:14: note: expanded from macro 'DEFINE_ACCESSOR'
  117 |       return checked_convert<type, double>(v.d, #type);               \
      |              ^
In file included from /home/liangan1/cuda_to_sycl_examples/silu_and_mul/torch_ext/silu_and_mul_xpu_optimized.cpp:19:
In file included from /home/liangan1/miniconda3/envs/pt_xpu/lib/python3.11/site-packages/torch/include/torch/extension.h:6:
In file included from /home/liangan1/miniconda3/envs/pt_xpu/lib/python3.11/site-packages/torch/include/torch/csrc/api/include/torch/all.h:8:
In file included from /home/liangan1/miniconda3/envs/pt_xpu/lib/python3.11/site-packages/torch/include/torch/csrc/api/include/torch/autograd.h:4:
In file included from /home/liangan1/miniconda3/envs/pt_xpu/lib/python3.11/site-packages/torch/include/torch/csrc/autograd/autograd.h:4:
In file included from /home/liangan1/miniconda3/envs/pt_xpu/lib/python3.11/site-packages/torch/include/torch/csrc/autograd/variable.h:7:
In file included from /home/liangan1/miniconda3/envs/pt_xpu/lib/python3.11/site-packages/torch/include/torch/csrc/autograd/cpp_hook.h:3:
In file included from /home/liangan1/miniconda3/envs/pt_xpu/lib/python3.11/site-packages/torch/include/torch/csrc/autograd/function_hook.h:4:
In file included from /home/liangan1/miniconda3/envs/pt_xpu/lib/python3.11/site-packages/torch/include/ATen/Tensor.h:4:
In file included from /home/liangan1/miniconda3/envs/pt_xpu/lib/python3.11/site-packages/torch/include/ATen/core/Tensor.h:4:
In file included from /home/liangan1/miniconda3/envs/pt_xpu/lib/python3.11/site-packages/torch/include/ATen/core/TensorBody.h:17:
In file included from /home/liangan1/miniconda3/envs/pt_xpu/lib/python3.11/site-packages/torch/include/c10/core/Scalar.h:19:
In file included from /home/liangan1/miniconda3/envs/pt_xpu/lib/python3.11/site-packages/torch/include/c10/util/TypeCast.h:12:
/home/liangan1/miniconda3/envs/pt_xpu/lib/python3.11/site-packages/torch/include/c10/util/overflows.h:66:30: warning: use of infinity is undefined behavior due to the currently enabled floating-point options [-Wnan-infinity-disabled]
   66 |   if (limit::has_infinity && std::isinf(static_cast<double>(f))) {
      |                              ^~~~~~~~~~~~~~~~~~~~~~~~~~~~~~~~~~
/home/liangan1/miniconda3/envs/pt_xpu/lib/python3.11/site-packages/torch/include/c10/util/TypeCast.h:201:36: note: in instantiation of function template specialization 'c10::overflows<c10::Float8_e8m0fnu, double>' requested here
  201 |   if (!std::is_same_v<To, bool> && overflows<To, From>(f)) {
      |                                    ^
/home/liangan1/miniconda3/envs/pt_xpu/lib/python3.11/site-packages/torch/include/c10/core/Scalar.h:141:39: note: in instantiation of function template specialization 'c10::checked_convert<c10::Float8_e8m0fnu, double>' requested here
  141 |   AT_FORALL_SCALAR_TYPES_WITH_COMPLEX(DEFINE_ACCESSOR)
      |                                       ^
/home/liangan1/miniconda3/envs/pt_xpu/lib/python3.11/site-packages/torch/include/torch/headeronly/core/ScalarType.h:99:3: note: expanded from macro 'AT_FORALL_SCALAR_TYPES_WITH_COMPLEX'
   99 |   _(c10::Float8_e8m0fnu, Float8_e8m0fnu)
      |   ^
/home/liangan1/miniconda3/envs/pt_xpu/lib/python3.11/site-packages/torch/include/c10/core/Scalar.h:117:14: note: expanded from macro 'DEFINE_ACCESSOR'
  117 |       return checked_convert<type, double>(v.d, #type);               \
      |              ^
In file included from /home/liangan1/cuda_to_sycl_examples/silu_and_mul/torch_ext/silu_and_mul_xpu_optimized.cpp:19:
In file included from /home/liangan1/miniconda3/envs/pt_xpu/lib/python3.11/site-packages/torch/include/torch/extension.h:6:
In file included from /home/liangan1/miniconda3/envs/pt_xpu/lib/python3.11/site-packages/torch/include/torch/csrc/api/include/torch/all.h:8:
In file included from /home/liangan1/miniconda3/envs/pt_xpu/lib/python3.11/site-packages/torch/include/torch/csrc/api/include/torch/autograd.h:4:
In file included from /home/liangan1/miniconda3/envs/pt_xpu/lib/python3.11/site-packages/torch/include/torch/csrc/autograd/autograd.h:4:
In file included from /home/liangan1/miniconda3/envs/pt_xpu/lib/python3.11/site-packages/torch/include/torch/csrc/autograd/variable.h:7:
In file included from /home/liangan1/miniconda3/envs/pt_xpu/lib/python3.11/site-packages/torch/include/torch/csrc/autograd/cpp_hook.h:3:
In file included from /home/liangan1/miniconda3/envs/pt_xpu/lib/python3.11/site-packages/torch/include/torch/csrc/autograd/function_hook.h:4:
In file included from /home/liangan1/miniconda3/envs/pt_xpu/lib/python3.11/site-packages/torch/include/ATen/Tensor.h:4:
In file included from /home/liangan1/miniconda3/envs/pt_xpu/lib/python3.11/site-packages/torch/include/ATen/core/Tensor.h:4:
In file included from /home/liangan1/miniconda3/envs/pt_xpu/lib/python3.11/site-packages/torch/include/ATen/core/TensorBody.h:17:
In file included from /home/liangan1/miniconda3/envs/pt_xpu/lib/python3.11/site-packages/torch/include/c10/core/Scalar.h:19:
In file included from /home/liangan1/miniconda3/envs/pt_xpu/lib/python3.11/site-packages/torch/include/c10/util/TypeCast.h:12:
/home/liangan1/miniconda3/envs/pt_xpu/lib/python3.11/site-packages/torch/include/c10/util/overflows.h:66:30: warning: use of infinity is undefined behavior due to the currently enabled floating-point options [-Wnan-infinity-disabled]
   66 |   if (limit::has_infinity && std::isinf(static_cast<double>(f))) {
      |                              ^~~~~~~~~~~~~~~~~~~~~~~~~~~~~~~~~~
/home/liangan1/miniconda3/envs/pt_xpu/lib/python3.11/site-packages/torch/include/c10/util/TypeCast.h:201:36: note: in instantiation of function template specialization 'c10::overflows<unsigned short, double>' requested here
  201 |   if (!std::is_same_v<To, bool> && overflows<To, From>(f)) {
      |                                    ^
/home/liangan1/miniconda3/envs/pt_xpu/lib/python3.11/site-packages/torch/include/c10/core/Scalar.h:142:3: note: in instantiation of function template specialization 'c10::checked_convert<unsigned short, double>' requested here
  142 |   DEFINE_ACCESSOR(uint16_t, UInt16)
      |   ^
/home/liangan1/miniconda3/envs/pt_xpu/lib/python3.11/site-packages/torch/include/c10/core/Scalar.h:117:14: note: expanded from macro 'DEFINE_ACCESSOR'
  117 |       return checked_convert<type, double>(v.d, #type);               \
      |              ^
In file included from /home/liangan1/cuda_to_sycl_examples/silu_and_mul/torch_ext/silu_and_mul_xpu_optimized.cpp:19:
In file included from /home/liangan1/miniconda3/envs/pt_xpu/lib/python3.11/site-packages/torch/include/torch/extension.h:6:
In file included from /home/liangan1/miniconda3/envs/pt_xpu/lib/python3.11/site-packages/torch/include/torch/csrc/api/include/torch/all.h:8:
In file included from /home/liangan1/miniconda3/envs/pt_xpu/lib/python3.11/site-packages/torch/include/torch/csrc/api/include/torch/autograd.h:4:
In file included from /home/liangan1/miniconda3/envs/pt_xpu/lib/python3.11/site-packages/torch/include/torch/csrc/autograd/autograd.h:4:
In file included from /home/liangan1/miniconda3/envs/pt_xpu/lib/python3.11/site-packages/torch/include/torch/csrc/autograd/variable.h:7:
In file included from /home/liangan1/miniconda3/envs/pt_xpu/lib/python3.11/site-packages/torch/include/torch/csrc/autograd/cpp_hook.h:3:
In file included from /home/liangan1/miniconda3/envs/pt_xpu/lib/python3.11/site-packages/torch/include/torch/csrc/autograd/function_hook.h:4:
In file included from /home/liangan1/miniconda3/envs/pt_xpu/lib/python3.11/site-packages/torch/include/ATen/Tensor.h:4:
In file included from /home/liangan1/miniconda3/envs/pt_xpu/lib/python3.11/site-packages/torch/include/ATen/core/Tensor.h:4:
In file included from /home/liangan1/miniconda3/envs/pt_xpu/lib/python3.11/site-packages/torch/include/ATen/core/TensorBody.h:17:
In file included from /home/liangan1/miniconda3/envs/pt_xpu/lib/python3.11/site-packages/torch/include/c10/core/Scalar.h:19:
In file included from /home/liangan1/miniconda3/envs/pt_xpu/lib/python3.11/site-packages/torch/include/c10/util/TypeCast.h:12:
/home/liangan1/miniconda3/envs/pt_xpu/lib/python3.11/site-packages/torch/include/c10/util/overflows.h:66:30: warning: use of infinity is undefined behavior due to the currently enabled floating-point options [-Wnan-infinity-disabled]
   66 |   if (limit::has_infinity && std::isinf(static_cast<double>(f))) {
      |                              ^~~~~~~~~~~~~~~~~~~~~~~~~~~~~~~~~~
/home/liangan1/miniconda3/envs/pt_xpu/lib/python3.11/site-packages/torch/include/c10/util/TypeCast.h:201:36: note: in instantiation of function template specialization 'c10::overflows<unsigned int, double>' requested here
  201 |   if (!std::is_same_v<To, bool> && overflows<To, From>(f)) {
      |                                    ^
/home/liangan1/miniconda3/envs/pt_xpu/lib/python3.11/site-packages/torch/include/c10/core/Scalar.h:143:3: note: in instantiation of function template specialization 'c10::checked_convert<unsigned int, double>' requested here
  143 |   DEFINE_ACCESSOR(uint32_t, UInt32)
      |   ^
/home/liangan1/miniconda3/envs/pt_xpu/lib/python3.11/site-packages/torch/include/c10/core/Scalar.h:117:14: note: expanded from macro 'DEFINE_ACCESSOR'
  117 |       return checked_convert<type, double>(v.d, #type);               \
      |              ^
In file included from /home/liangan1/cuda_to_sycl_examples/silu_and_mul/torch_ext/silu_and_mul_xpu_optimized.cpp:19:
In file included from /home/liangan1/miniconda3/envs/pt_xpu/lib/python3.11/site-packages/torch/include/torch/extension.h:6:
In file included from /home/liangan1/miniconda3/envs/pt_xpu/lib/python3.11/site-packages/torch/include/torch/csrc/api/include/torch/all.h:8:
In file included from /home/liangan1/miniconda3/envs/pt_xpu/lib/python3.11/site-packages/torch/include/torch/csrc/api/include/torch/autograd.h:4:
In file included from /home/liangan1/miniconda3/envs/pt_xpu/lib/python3.11/site-packages/torch/include/torch/csrc/autograd/autograd.h:4:
In file included from /home/liangan1/miniconda3/envs/pt_xpu/lib/python3.11/site-packages/torch/include/torch/csrc/autograd/variable.h:7:
In file included from /home/liangan1/miniconda3/envs/pt_xpu/lib/python3.11/site-packages/torch/include/torch/csrc/autograd/cpp_hook.h:3:
In file included from /home/liangan1/miniconda3/envs/pt_xpu/lib/python3.11/site-packages/torch/include/torch/csrc/autograd/function_hook.h:4:
In file included from /home/liangan1/miniconda3/envs/pt_xpu/lib/python3.11/site-packages/torch/include/ATen/Tensor.h:4:
In file included from /home/liangan1/miniconda3/envs/pt_xpu/lib/python3.11/site-packages/torch/include/ATen/core/Tensor.h:4:
In file included from /home/liangan1/miniconda3/envs/pt_xpu/lib/python3.11/site-packages/torch/include/ATen/core/TensorBody.h:17:
In file included from /home/liangan1/miniconda3/envs/pt_xpu/lib/python3.11/site-packages/torch/include/c10/core/Scalar.h:19:
In file included from /home/liangan1/miniconda3/envs/pt_xpu/lib/python3.11/site-packages/torch/include/c10/util/TypeCast.h:12:
/home/liangan1/miniconda3/envs/pt_xpu/lib/python3.11/site-packages/torch/include/c10/util/overflows.h:66:30: warning: use of infinity is undefined behavior due to the currently enabled floating-point options [-Wnan-infinity-disabled]
   66 |   if (limit::has_infinity && std::isinf(static_cast<double>(f))) {
      |                              ^~~~~~~~~~~~~~~~~~~~~~~~~~~~~~~~~~
/home/liangan1/miniconda3/envs/pt_xpu/lib/python3.11/site-packages/torch/include/c10/util/TypeCast.h:201:36: note: in instantiation of function template specialization 'c10::overflows<unsigned long, double>' requested here
  201 |   if (!std::is_same_v<To, bool> && overflows<To, From>(f)) {
      |                                    ^
/home/liangan1/miniconda3/envs/pt_xpu/lib/python3.11/site-packages/torch/include/c10/core/Scalar.h:144:3: note: in instantiation of function template specialization 'c10::checked_convert<unsigned long, double>' requested here
  144 |   DEFINE_ACCESSOR(uint64_t, UInt64)
      |   ^
/home/liangan1/miniconda3/envs/pt_xpu/lib/python3.11/site-packages/torch/include/c10/core/Scalar.h:117:14: note: expanded from macro 'DEFINE_ACCESSOR'
  117 |       return checked_convert<type, double>(v.d, #type);               \
      |              ^
/home/liangan1/cuda_to_sycl_examples/silu_and_mul/torch_ext/silu_and_mul_xpu_optimized.cpp:370:1: warning: unused variable 'TORCH_LIBRARY_static_init_silu_and_mul_xpu_opt' [-Wunused-const-variable]
  370 | TORCH_LIBRARY(silu_and_mul_xpu_opt, m) {
      | ^~~~~~~~~~~~~~~~~~~~~~~~~~~~~~~~~~~~~~
/home/liangan1/miniconda3/envs/pt_xpu/lib/python3.11/site-packages/torch/include/torch/library.h:985:48: note: expanded from macro 'TORCH_LIBRARY'
  985 |   static const torch::detail::TorchLibraryInit TORCH_LIBRARY_static_init_##ns( \
      |                                                ^~~~~~~~~~~~~~~~~~~~~~~~~~~~~~
<scratch space>:29:1: note: expanded from here
   29 | TORCH_LIBRARY_static_init_silu_and_mul_xpu_opt
      | ^~~~~~~~~~~~~~~~~~~~~~~~~~~~~~~~~~~~~~~~~~~~~~
28 warnings generated.
In file included from /home/liangan1/cuda_to_sycl_examples/silu_and_mul/torch_ext/silu_and_mul_xpu_optimized.cpp:19:
In file included from /home/liangan1/miniconda3/envs/pt_xpu/lib/python3.11/site-packages/torch/include/torch/extension.h:6:
In file included from /home/liangan1/miniconda3/envs/pt_xpu/lib/python3.11/site-packages/torch/include/torch/csrc/api/include/torch/all.h:8:
In file included from /home/liangan1/miniconda3/envs/pt_xpu/lib/python3.11/site-packages/torch/include/torch/csrc/api/include/torch/autograd.h:4:
In file included from /home/liangan1/miniconda3/envs/pt_xpu/lib/python3.11/site-packages/torch/include/torch/csrc/autograd/autograd.h:4:
In file included from /home/liangan1/miniconda3/envs/pt_xpu/lib/python3.11/site-packages/torch/include/torch/csrc/autograd/variable.h:7:
In file included from /home/liangan1/miniconda3/envs/pt_xpu/lib/python3.11/site-packages/torch/include/torch/csrc/autograd/cpp_hook.h:3:
In file included from /home/liangan1/miniconda3/envs/pt_xpu/lib/python3.11/site-packages/torch/include/torch/csrc/autograd/function_hook.h:4:
In file included from /home/liangan1/miniconda3/envs/pt_xpu/lib/python3.11/site-packages/torch/include/ATen/Tensor.h:4:
In file included from /home/liangan1/miniconda3/envs/pt_xpu/lib/python3.11/site-packages/torch/include/ATen/core/Tensor.h:4:
In file included from /home/liangan1/miniconda3/envs/pt_xpu/lib/python3.11/site-packages/torch/include/ATen/core/TensorBody.h:17:
In file included from /home/liangan1/miniconda3/envs/pt_xpu/lib/python3.11/site-packages/torch/include/c10/core/Scalar.h:10:
In file included from /home/liangan1/miniconda3/envs/pt_xpu/lib/python3.11/site-packages/torch/include/c10/core/ScalarType.h:4:
In file included from /home/liangan1/miniconda3/envs/pt_xpu/lib/python3.11/site-packages/torch/include/c10/util/BFloat16.h:2:
/home/liangan1/miniconda3/envs/pt_xpu/lib/python3.11/site-packages/torch/include/torch/headeronly/util/BFloat16.h:106:7: warning: use of NaN is undefined behavior due to the currently enabled floating-point options [-Wnan-infinity-disabled]
  106 |   if (std::isnan(src)) {
      |       ^~~~~~~~~~~~~~~
In file included from /home/liangan1/cuda_to_sycl_examples/silu_and_mul/torch_ext/silu_and_mul_xpu_optimized.cpp:19:
In file included from /home/liangan1/miniconda3/envs/pt_xpu/lib/python3.11/site-packages/torch/include/torch/extension.h:6:
In file included from /home/liangan1/miniconda3/envs/pt_xpu/lib/python3.11/site-packages/torch/include/torch/csrc/api/include/torch/all.h:8:
In file included from /home/liangan1/miniconda3/envs/pt_xpu/lib/python3.11/site-packages/torch/include/torch/csrc/api/include/torch/autograd.h:4:
In file included from /home/liangan1/miniconda3/envs/pt_xpu/lib/python3.11/site-packages/torch/include/torch/csrc/autograd/autograd.h:4:
In file included from /home/liangan1/miniconda3/envs/pt_xpu/lib/python3.11/site-packages/torch/include/torch/csrc/autograd/variable.h:7:
In file included from /home/liangan1/miniconda3/envs/pt_xpu/lib/python3.11/site-packages/torch/include/torch/csrc/autograd/cpp_hook.h:3:
In file included from /home/liangan1/miniconda3/envs/pt_xpu/lib/python3.11/site-packages/torch/include/torch/csrc/autograd/function_hook.h:4:
In file included from /home/liangan1/miniconda3/envs/pt_xpu/lib/python3.11/site-packages/torch/include/ATen/Tensor.h:4:
In file included from /home/liangan1/miniconda3/envs/pt_xpu/lib/python3.11/site-packages/torch/include/ATen/core/Tensor.h:4:
In file included from /home/liangan1/miniconda3/envs/pt_xpu/lib/python3.11/site-packages/torch/include/ATen/core/TensorBody.h:17:
In file included from /home/liangan1/miniconda3/envs/pt_xpu/lib/python3.11/site-packages/torch/include/c10/core/Scalar.h:19:
In file included from /home/liangan1/miniconda3/envs/pt_xpu/lib/python3.11/site-packages/torch/include/c10/util/TypeCast.h:12:
/home/liangan1/miniconda3/envs/pt_xpu/lib/python3.11/site-packages/torch/include/c10/util/overflows.h:66:30: warning: use of infinity is undefined behavior due to the currently enabled floating-point options [-Wnan-infinity-disabled]
   66 |   if (limit::has_infinity && std::isinf(static_cast<double>(f))) {
      |                              ^~~~~~~~~~~~~~~~~~~~~~~~~~~~~~~~~~
In file included from /home/liangan1/cuda_to_sycl_examples/silu_and_mul/torch_ext/silu_and_mul_xpu_optimized.cpp:19:
In file included from /home/liangan1/miniconda3/envs/pt_xpu/lib/python3.11/site-packages/torch/include/torch/extension.h:6:
In file included from /home/liangan1/miniconda3/envs/pt_xpu/lib/python3.11/site-packages/torch/include/torch/csrc/api/include/torch/all.h:16:
In file included from /home/liangan1/miniconda3/envs/pt_xpu/lib/python3.11/site-packages/torch/include/torch/csrc/api/include/torch/nn.h:5:
In file included from /home/liangan1/miniconda3/envs/pt_xpu/lib/python3.11/site-packages/torch/include/torch/csrc/api/include/torch/nn/functional.h:12:
In file included from /home/liangan1/miniconda3/envs/pt_xpu/lib/python3.11/site-packages/torch/include/torch/csrc/api/include/torch/nn/functional/loss.h:5:
/home/liangan1/miniconda3/envs/pt_xpu/lib/python3.11/site-packages/torch/include/torch/csrc/api/include/torch/nn/functional/activation.h:900:16: warning: use of infinity is undefined behavior due to the currently enabled floating-point options [-Wnan-infinity-disabled]
  900 |               -std::numeric_limits<scalar_t>::infinity());
      |                ^~~~~~~~~~~~~~~~~~~~~~~~~~~~~~~~~~~~~~~~~
/home/liangan1/miniconda3/envs/pt_xpu/lib/python3.11/site-packages/torch/include/ATen/Dispatch.h:197:66: note: expanded from macro 'AT_DISPATCH_FLOATING_TYPES'
  197 |   AT_DISPATCH_SWITCH(TYPE, NAME, AT_DISPATCH_CASE_FLOATING_TYPES(__VA_ARGS__))
      |                                                                  ^~~~~~~~~~~
/home/liangan1/miniconda3/envs/pt_xpu/lib/python3.11/site-packages/torch/include/ATen/Dispatch.h:193:44: note: expanded from macro 'AT_DISPATCH_CASE_FLOATING_TYPES'
  193 |   AT_DISPATCH_CASE(at::ScalarType::Double, __VA_ARGS__) \
      |                                            ^~~~~~~~~~~
/home/liangan1/miniconda3/envs/pt_xpu/lib/python3.11/site-packages/torch/include/ATen/Dispatch.h:71:56: note: expanded from macro 'AT_DISPATCH_CASE'
   71 |   AT_PRIVATE_CASE_TYPE_USING_HINT(enum_type, scalar_t, __VA_ARGS__)
      |                                                        ^~~~~~~~~~~
note: (skipping 1 expansions in backtrace; use -fmacro-backtrace-limit=0 to see all)
/home/liangan1/miniconda3/envs/pt_xpu/lib/python3.11/site-packages/torch/include/torch/headeronly/core/Dispatch.h:13:12: note: expanded from macro 'THO_PRIVATE_CASE_TYPE_USING_HINT_TMPL'
   13 |     return __VA_ARGS__();                                                    \
      |            ^~~~~~~~~~~
/home/liangan1/miniconda3/envs/pt_xpu/lib/python3.11/site-packages/torch/include/ATen/Dispatch.h:190:7: note: expanded from macro 'AT_DISPATCH_SWITCH'
  190 |       __VA_ARGS__)
      |       ^~~~~~~~~~~
/home/liangan1/miniconda3/envs/pt_xpu/lib/python3.11/site-packages/torch/include/torch/headeronly/core/Dispatch.h:40:7: note: expanded from macro 'THO_DISPATCH_SWITCH_TMPL'
   40 |       __VA_ARGS__                                                           \
      |       ^~~~~~~~~~~
In file included from /home/liangan1/cuda_to_sycl_examples/silu_and_mul/torch_ext/silu_and_mul_xpu_optimized.cpp:19:
In file included from /home/liangan1/miniconda3/envs/pt_xpu/lib/python3.11/site-packages/torch/include/torch/extension.h:6:
In file included from /home/liangan1/miniconda3/envs/pt_xpu/lib/python3.11/site-packages/torch/include/torch/csrc/api/include/torch/all.h:16:
In file included from /home/liangan1/miniconda3/envs/pt_xpu/lib/python3.11/site-packages/torch/include/torch/csrc/api/include/torch/nn.h:5:
In file included from /home/liangan1/miniconda3/envs/pt_xpu/lib/python3.11/site-packages/torch/include/torch/csrc/api/include/torch/nn/functional.h:12:
In file included from /home/liangan1/miniconda3/envs/pt_xpu/lib/python3.11/site-packages/torch/include/torch/csrc/api/include/torch/nn/functional/loss.h:5:
/home/liangan1/miniconda3/envs/pt_xpu/lib/python3.11/site-packages/torch/include/torch/csrc/api/include/torch/nn/functional/activation.h:900:16: warning: use of infinity is undefined behavior due to the currently enabled floating-point options [-Wnan-infinity-disabled]
  900 |               -std::numeric_limits<scalar_t>::infinity());
      |                ^~~~~~~~~~~~~~~~~~~~~~~~~~~~~~~~~~~~~~~~~
/home/liangan1/miniconda3/envs/pt_xpu/lib/python3.11/site-packages/torch/include/ATen/Dispatch.h:197:66: note: expanded from macro 'AT_DISPATCH_FLOATING_TYPES'
  197 |   AT_DISPATCH_SWITCH(TYPE, NAME, AT_DISPATCH_CASE_FLOATING_TYPES(__VA_ARGS__))
      |                                                                  ^~~~~~~~~~~
/home/liangan1/miniconda3/envs/pt_xpu/lib/python3.11/site-packages/torch/include/ATen/Dispatch.h:194:43: note: expanded from macro 'AT_DISPATCH_CASE_FLOATING_TYPES'
  194 |   AT_DISPATCH_CASE(at::ScalarType::Float, __VA_ARGS__)
      |                                           ^~~~~~~~~~~
/home/liangan1/miniconda3/envs/pt_xpu/lib/python3.11/site-packages/torch/include/ATen/Dispatch.h:71:56: note: expanded from macro 'AT_DISPATCH_CASE'
   71 |   AT_PRIVATE_CASE_TYPE_USING_HINT(enum_type, scalar_t, __VA_ARGS__)
      |                                                        ^~~~~~~~~~~
note: (skipping 1 expansions in backtrace; use -fmacro-backtrace-limit=0 to see all)
/home/liangan1/miniconda3/envs/pt_xpu/lib/python3.11/site-packages/torch/include/torch/headeronly/core/Dispatch.h:13:12: note: expanded from macro 'THO_PRIVATE_CASE_TYPE_USING_HINT_TMPL'
   13 |     return __VA_ARGS__();                                                    \
      |            ^~~~~~~~~~~
/home/liangan1/miniconda3/envs/pt_xpu/lib/python3.11/site-packages/torch/include/ATen/Dispatch.h:190:7: note: expanded from macro 'AT_DISPATCH_SWITCH'
  190 |       __VA_ARGS__)
      |       ^~~~~~~~~~~
/home/liangan1/miniconda3/envs/pt_xpu/lib/python3.11/site-packages/torch/include/torch/headeronly/core/Dispatch.h:40:7: note: expanded from macro 'THO_DISPATCH_SWITCH_TMPL'
   40 |       __VA_ARGS__                                                           \
      |       ^~~~~~~~~~~
In file included from /home/liangan1/cuda_to_sycl_examples/silu_and_mul/torch_ext/silu_and_mul_xpu_optimized.cpp:19:
In file included from /home/liangan1/miniconda3/envs/pt_xpu/lib/python3.11/site-packages/torch/include/torch/extension.h:6:
In file included from /home/liangan1/miniconda3/envs/pt_xpu/lib/python3.11/site-packages/torch/include/torch/csrc/api/include/torch/all.h:16:
In file included from /home/liangan1/miniconda3/envs/pt_xpu/lib/python3.11/site-packages/torch/include/torch/csrc/api/include/torch/nn.h:11:
In file included from /home/liangan1/miniconda3/envs/pt_xpu/lib/python3.11/site-packages/torch/include/torch/csrc/api/include/torch/nn/utils.h:4:
/home/liangan1/miniconda3/envs/pt_xpu/lib/python3.11/site-packages/torch/include/torch/csrc/api/include/torch/nn/utils/clip_grad.h:41:20: warning: use of infinity is undefined behavior due to the currently enabled floating-point options [-Wnan-infinity-disabled]
   41 |   if (norm_type == std::numeric_limits<double>::infinity()) {
      |                    ^~~~~~~~~~~~~~~~~~~~~~~~~~~~~~~~~~~~~~~
/home/liangan1/miniconda3/envs/pt_xpu/lib/python3.11/site-packages/torch/include/torch/csrc/api/include/torch/nn/utils/clip_grad.h:72:9: warning: use of infinity is undefined behavior due to the currently enabled floating-point options [-Wnan-infinity-disabled]
   72 |         std::isfinite(*total_norm),
      |         ^~~~~~~~~~~~~~~~~~~~~~~~~~
/home/liangan1/miniconda3/envs/pt_xpu/lib/python3.11/site-packages/torch/include/c10/util/Exception.h:593:31: note: expanded from macro 'TORCH_CHECK'
  593 |   if (C10_UNLIKELY_OR_CONST(!(cond))) {            \
      |                               ^~~~
/home/liangan1/miniconda3/envs/pt_xpu/lib/python3.11/site-packages/torch/include/torch/headeronly/util/Exception.h:28:47: note: expanded from macro 'C10_UNLIKELY_OR_CONST'
   28 | #define C10_UNLIKELY_OR_CONST(e) C10_UNLIKELY(e)
      |                                               ^
/home/liangan1/miniconda3/envs/pt_xpu/lib/python3.11/site-packages/torch/include/torch/headeronly/macros/Macros.h:202:64: note: expanded from macro 'C10_UNLIKELY'
  202 | #define C10_UNLIKELY(expr) (__builtin_expect(static_cast<bool>(expr), 0))
      |                                                                ^~~~
In file included from /home/liangan1/cuda_to_sycl_examples/silu_and_mul/torch_ext/silu_and_mul_xpu_optimized.cpp:19:
In file included from /home/liangan1/miniconda3/envs/pt_xpu/lib/python3.11/site-packages/torch/include/torch/extension.h:6:
In file included from /home/liangan1/miniconda3/envs/pt_xpu/lib/python3.11/site-packages/torch/include/torch/csrc/api/include/torch/all.h:8:
In file included from /home/liangan1/miniconda3/envs/pt_xpu/lib/python3.11/site-packages/torch/include/torch/csrc/api/include/torch/autograd.h:4:
In file included from /home/liangan1/miniconda3/envs/pt_xpu/lib/python3.11/site-packages/torch/include/torch/csrc/autograd/autograd.h:4:
In file included from /home/liangan1/miniconda3/envs/pt_xpu/lib/python3.11/site-packages/torch/include/torch/csrc/autograd/variable.h:7:
In file included from /home/liangan1/miniconda3/envs/pt_xpu/lib/python3.11/site-packages/torch/include/torch/csrc/autograd/cpp_hook.h:3:
In file included from /home/liangan1/miniconda3/envs/pt_xpu/lib/python3.11/site-packages/torch/include/torch/csrc/autograd/function_hook.h:4:
In file included from /home/liangan1/miniconda3/envs/pt_xpu/lib/python3.11/site-packages/torch/include/ATen/Tensor.h:4:
In file included from /home/liangan1/miniconda3/envs/pt_xpu/lib/python3.11/site-packages/torch/include/ATen/core/Tensor.h:4:
In file included from /home/liangan1/miniconda3/envs/pt_xpu/lib/python3.11/site-packages/torch/include/ATen/core/TensorBody.h:17:
In file included from /home/liangan1/miniconda3/envs/pt_xpu/lib/python3.11/site-packages/torch/include/c10/core/Scalar.h:19:
In file included from /home/liangan1/miniconda3/envs/pt_xpu/lib/python3.11/site-packages/torch/include/c10/util/TypeCast.h:12:
/home/liangan1/miniconda3/envs/pt_xpu/lib/python3.11/site-packages/torch/include/c10/util/overflows.h:66:30: warning: use of infinity is undefined behavior due to the currently enabled floating-point options [-Wnan-infinity-disabled]
   66 |   if (limit::has_infinity && std::isinf(static_cast<double>(f))) {
      |                              ^~~~~~~~~~~~~~~~~~~~~~~~~~~~~~~~~~
/home/liangan1/miniconda3/envs/pt_xpu/lib/python3.11/site-packages/torch/include/c10/util/TypeCast.h:201:36: note: in instantiation of function template specialization 'c10::overflows<unsigned char, double>' requested here
  201 |   if (!std::is_same_v<To, bool> && overflows<To, From>(f)) {
      |                                    ^
/home/liangan1/miniconda3/envs/pt_xpu/lib/python3.11/site-packages/torch/include/c10/core/Scalar.h:141:39: note: in instantiation of function template specialization 'c10::checked_convert<unsigned char, double>' requested here
  141 |   AT_FORALL_SCALAR_TYPES_WITH_COMPLEX(DEFINE_ACCESSOR)
      |                                       ^
/home/liangan1/miniconda3/envs/pt_xpu/lib/python3.11/site-packages/torch/include/torch/headeronly/core/ScalarType.h:82:3: note: expanded from macro 'AT_FORALL_SCALAR_TYPES_WITH_COMPLEX'
   82 |   _(uint8_t, Byte)                             \
      |   ^
/home/liangan1/miniconda3/envs/pt_xpu/lib/python3.11/site-packages/torch/include/c10/core/Scalar.h:117:14: note: expanded from macro 'DEFINE_ACCESSOR'
  117 |       return checked_convert<type, double>(v.d, #type);               \
      |              ^
In file included from /home/liangan1/cuda_to_sycl_examples/silu_and_mul/torch_ext/silu_and_mul_xpu_optimized.cpp:19:
In file included from /home/liangan1/miniconda3/envs/pt_xpu/lib/python3.11/site-packages/torch/include/torch/extension.h:6:
In file included from /home/liangan1/miniconda3/envs/pt_xpu/lib/python3.11/site-packages/torch/include/torch/csrc/api/include/torch/all.h:8:
In file included from /home/liangan1/miniconda3/envs/pt_xpu/lib/python3.11/site-packages/torch/include/torch/csrc/api/include/torch/autograd.h:4:
In file included from /home/liangan1/miniconda3/envs/pt_xpu/lib/python3.11/site-packages/torch/include/torch/csrc/autograd/autograd.h:4:
In file included from /home/liangan1/miniconda3/envs/pt_xpu/lib/python3.11/site-packages/torch/include/torch/csrc/autograd/variable.h:7:
In file included from /home/liangan1/miniconda3/envs/pt_xpu/lib/python3.11/site-packages/torch/include/torch/csrc/autograd/cpp_hook.h:3:
In file included from /home/liangan1/miniconda3/envs/pt_xpu/lib/python3.11/site-packages/torch/include/torch/csrc/autograd/function_hook.h:4:
In file included from /home/liangan1/miniconda3/envs/pt_xpu/lib/python3.11/site-packages/torch/include/ATen/Tensor.h:4:
In file included from /home/liangan1/miniconda3/envs/pt_xpu/lib/python3.11/site-packages/torch/include/ATen/core/Tensor.h:4:
In file included from /home/liangan1/miniconda3/envs/pt_xpu/lib/python3.11/site-packages/torch/include/ATen/core/TensorBody.h:17:
In file included from /home/liangan1/miniconda3/envs/pt_xpu/lib/python3.11/site-packages/torch/include/c10/core/Scalar.h:19:
In file included from /home/liangan1/miniconda3/envs/pt_xpu/lib/python3.11/site-packages/torch/include/c10/util/TypeCast.h:12:
/home/liangan1/miniconda3/envs/pt_xpu/lib/python3.11/site-packages/torch/include/c10/util/overflows.h:66:30: warning: use of infinity is undefined behavior due to the currently enabled floating-point options [-Wnan-infinity-disabled]
   66 |   if (limit::has_infinity && std::isinf(static_cast<double>(f))) {
      |                              ^~~~~~~~~~~~~~~~~~~~~~~~~~~~~~~~~~
/home/liangan1/miniconda3/envs/pt_xpu/lib/python3.11/site-packages/torch/include/c10/util/TypeCast.h:201:36: note: in instantiation of function template specialization 'c10::overflows<signed char, double>' requested here
  201 |   if (!std::is_same_v<To, bool> && overflows<To, From>(f)) {
      |                                    ^
/home/liangan1/miniconda3/envs/pt_xpu/lib/python3.11/site-packages/torch/include/c10/core/Scalar.h:141:39: note: in instantiation of function template specialization 'c10::checked_convert<signed char, double>' requested here
  141 |   AT_FORALL_SCALAR_TYPES_WITH_COMPLEX(DEFINE_ACCESSOR)
      |                                       ^
/home/liangan1/miniconda3/envs/pt_xpu/lib/python3.11/site-packages/torch/include/torch/headeronly/core/ScalarType.h:83:3: note: expanded from macro 'AT_FORALL_SCALAR_TYPES_WITH_COMPLEX'
   83 |   _(int8_t, Char)                              \
      |   ^
/home/liangan1/miniconda3/envs/pt_xpu/lib/python3.11/site-packages/torch/include/c10/core/Scalar.h:117:14: note: expanded from macro 'DEFINE_ACCESSOR'
  117 |       return checked_convert<type, double>(v.d, #type);               \
      |              ^
In file included from /home/liangan1/cuda_to_sycl_examples/silu_and_mul/torch_ext/silu_and_mul_xpu_optimized.cpp:19:
In file included from /home/liangan1/miniconda3/envs/pt_xpu/lib/python3.11/site-packages/torch/include/torch/extension.h:6:
In file included from /home/liangan1/miniconda3/envs/pt_xpu/lib/python3.11/site-packages/torch/include/torch/csrc/api/include/torch/all.h:8:
In file included from /home/liangan1/miniconda3/envs/pt_xpu/lib/python3.11/site-packages/torch/include/torch/csrc/api/include/torch/autograd.h:4:
In file included from /home/liangan1/miniconda3/envs/pt_xpu/lib/python3.11/site-packages/torch/include/torch/csrc/autograd/autograd.h:4:
In file included from /home/liangan1/miniconda3/envs/pt_xpu/lib/python3.11/site-packages/torch/include/torch/csrc/autograd/variable.h:7:
In file included from /home/liangan1/miniconda3/envs/pt_xpu/lib/python3.11/site-packages/torch/include/torch/csrc/autograd/cpp_hook.h:3:
In file included from /home/liangan1/miniconda3/envs/pt_xpu/lib/python3.11/site-packages/torch/include/torch/csrc/autograd/function_hook.h:4:
In file included from /home/liangan1/miniconda3/envs/pt_xpu/lib/python3.11/site-packages/torch/include/ATen/Tensor.h:4:
In file included from /home/liangan1/miniconda3/envs/pt_xpu/lib/python3.11/site-packages/torch/include/ATen/core/Tensor.h:4:
In file included from /home/liangan1/miniconda3/envs/pt_xpu/lib/python3.11/site-packages/torch/include/ATen/core/TensorBody.h:17:
In file included from /home/liangan1/miniconda3/envs/pt_xpu/lib/python3.11/site-packages/torch/include/c10/core/Scalar.h:19:
In file included from /home/liangan1/miniconda3/envs/pt_xpu/lib/python3.11/site-packages/torch/include/c10/util/TypeCast.h:12:
/home/liangan1/miniconda3/envs/pt_xpu/lib/python3.11/site-packages/torch/include/c10/util/overflows.h:66:30: warning: use of infinity is undefined behavior due to the currently enabled floating-point options [-Wnan-infinity-disabled]
   66 |   if (limit::has_infinity && std::isinf(static_cast<double>(f))) {
      |                              ^~~~~~~~~~~~~~~~~~~~~~~~~~~~~~~~~~
/home/liangan1/miniconda3/envs/pt_xpu/lib/python3.11/site-packages/torch/include/c10/util/TypeCast.h:201:36: note: in instantiation of function template specialization 'c10::overflows<short, double>' requested here
  201 |   if (!std::is_same_v<To, bool> && overflows<To, From>(f)) {
      |                                    ^
/home/liangan1/miniconda3/envs/pt_xpu/lib/python3.11/site-packages/torch/include/c10/core/Scalar.h:141:39: note: in instantiation of function template specialization 'c10::checked_convert<short, double>' requested here
  141 |   AT_FORALL_SCALAR_TYPES_WITH_COMPLEX(DEFINE_ACCESSOR)
      |                                       ^
/home/liangan1/miniconda3/envs/pt_xpu/lib/python3.11/site-packages/torch/include/torch/headeronly/core/ScalarType.h:84:3: note: expanded from macro 'AT_FORALL_SCALAR_TYPES_WITH_COMPLEX'
   84 |   _(int16_t, Short)                            \
      |   ^
/home/liangan1/miniconda3/envs/pt_xpu/lib/python3.11/site-packages/torch/include/c10/core/Scalar.h:117:14: note: expanded from macro 'DEFINE_ACCESSOR'
  117 |       return checked_convert<type, double>(v.d, #type);               \
      |              ^
In file included from /home/liangan1/cuda_to_sycl_examples/silu_and_mul/torch_ext/silu_and_mul_xpu_optimized.cpp:19:
In file included from /home/liangan1/miniconda3/envs/pt_xpu/lib/python3.11/site-packages/torch/include/torch/extension.h:6:
In file included from /home/liangan1/miniconda3/envs/pt_xpu/lib/python3.11/site-packages/torch/include/torch/csrc/api/include/torch/all.h:8:
In file included from /home/liangan1/miniconda3/envs/pt_xpu/lib/python3.11/site-packages/torch/include/torch/csrc/api/include/torch/autograd.h:4:
In file included from /home/liangan1/miniconda3/envs/pt_xpu/lib/python3.11/site-packages/torch/include/torch/csrc/autograd/autograd.h:4:
In file included from /home/liangan1/miniconda3/envs/pt_xpu/lib/python3.11/site-packages/torch/include/torch/csrc/autograd/variable.h:7:
In file included from /home/liangan1/miniconda3/envs/pt_xpu/lib/python3.11/site-packages/torch/include/torch/csrc/autograd/cpp_hook.h:3:
In file included from /home/liangan1/miniconda3/envs/pt_xpu/lib/python3.11/site-packages/torch/include/torch/csrc/autograd/function_hook.h:4:
In file included from /home/liangan1/miniconda3/envs/pt_xpu/lib/python3.11/site-packages/torch/include/ATen/Tensor.h:4:
In file included from /home/liangan1/miniconda3/envs/pt_xpu/lib/python3.11/site-packages/torch/include/ATen/core/Tensor.h:4:
In file included from /home/liangan1/miniconda3/envs/pt_xpu/lib/python3.11/site-packages/torch/include/ATen/core/TensorBody.h:17:
In file included from /home/liangan1/miniconda3/envs/pt_xpu/lib/python3.11/site-packages/torch/include/c10/core/Scalar.h:19:
In file included from /home/liangan1/miniconda3/envs/pt_xpu/lib/python3.11/site-packages/torch/include/c10/util/TypeCast.h:12:
/home/liangan1/miniconda3/envs/pt_xpu/lib/python3.11/site-packages/torch/include/c10/util/overflows.h:66:30: warning: use of infinity is undefined behavior due to the currently enabled floating-point options [-Wnan-infinity-disabled]
   66 |   if (limit::has_infinity && std::isinf(static_cast<double>(f))) {
      |                              ^~~~~~~~~~~~~~~~~~~~~~~~~~~~~~~~~~
/home/liangan1/miniconda3/envs/pt_xpu/lib/python3.11/site-packages/torch/include/c10/util/TypeCast.h:201:36: note: in instantiation of function template specialization 'c10::overflows<int, double>' requested here
  201 |   if (!std::is_same_v<To, bool> && overflows<To, From>(f)) {
      |                                    ^
/home/liangan1/miniconda3/envs/pt_xpu/lib/python3.11/site-packages/torch/include/c10/core/Scalar.h:141:39: note: in instantiation of function template specialization 'c10::checked_convert<int, double>' requested here
  141 |   AT_FORALL_SCALAR_TYPES_WITH_COMPLEX(DEFINE_ACCESSOR)
      |                                       ^
/home/liangan1/miniconda3/envs/pt_xpu/lib/python3.11/site-packages/torch/include/torch/headeronly/core/ScalarType.h:85:3: note: expanded from macro 'AT_FORALL_SCALAR_TYPES_WITH_COMPLEX'
   85 |   _(int, Int)                                  \
      |   ^
/home/liangan1/miniconda3/envs/pt_xpu/lib/python3.11/site-packages/torch/include/c10/core/Scalar.h:117:14: note: expanded from macro 'DEFINE_ACCESSOR'
  117 |       return checked_convert<type, double>(v.d, #type);               \
      |              ^
In file included from /home/liangan1/cuda_to_sycl_examples/silu_and_mul/torch_ext/silu_and_mul_xpu_optimized.cpp:19:
In file included from /home/liangan1/miniconda3/envs/pt_xpu/lib/python3.11/site-packages/torch/include/torch/extension.h:6:
In file included from /home/liangan1/miniconda3/envs/pt_xpu/lib/python3.11/site-packages/torch/include/torch/csrc/api/include/torch/all.h:8:
In file included from /home/liangan1/miniconda3/envs/pt_xpu/lib/python3.11/site-packages/torch/include/torch/csrc/api/include/torch/autograd.h:4:
In file included from /home/liangan1/miniconda3/envs/pt_xpu/lib/python3.11/site-packages/torch/include/torch/csrc/autograd/autograd.h:4:
In file included from /home/liangan1/miniconda3/envs/pt_xpu/lib/python3.11/site-packages/torch/include/torch/csrc/autograd/variable.h:7:
In file included from /home/liangan1/miniconda3/envs/pt_xpu/lib/python3.11/site-packages/torch/include/torch/csrc/autograd/cpp_hook.h:3:
In file included from /home/liangan1/miniconda3/envs/pt_xpu/lib/python3.11/site-packages/torch/include/torch/csrc/autograd/function_hook.h:4:
In file included from /home/liangan1/miniconda3/envs/pt_xpu/lib/python3.11/site-packages/torch/include/ATen/Tensor.h:4:
In file included from /home/liangan1/miniconda3/envs/pt_xpu/lib/python3.11/site-packages/torch/include/ATen/core/Tensor.h:4:
In file included from /home/liangan1/miniconda3/envs/pt_xpu/lib/python3.11/site-packages/torch/include/ATen/core/TensorBody.h:17:
In file included from /home/liangan1/miniconda3/envs/pt_xpu/lib/python3.11/site-packages/torch/include/c10/core/Scalar.h:19:
In file included from /home/liangan1/miniconda3/envs/pt_xpu/lib/python3.11/site-packages/torch/include/c10/util/TypeCast.h:12:
/home/liangan1/miniconda3/envs/pt_xpu/lib/python3.11/site-packages/torch/include/c10/util/overflows.h:66:30: warning: use of infinity is undefined behavior due to the currently enabled floating-point options [-Wnan-infinity-disabled]
   66 |   if (limit::has_infinity && std::isinf(static_cast<double>(f))) {
      |                              ^~~~~~~~~~~~~~~~~~~~~~~~~~~~~~~~~~
/home/liangan1/miniconda3/envs/pt_xpu/lib/python3.11/site-packages/torch/include/c10/util/TypeCast.h:201:36: note: in instantiation of function template specialization 'c10::overflows<long, double>' requested here
  201 |   if (!std::is_same_v<To, bool> && overflows<To, From>(f)) {
      |                                    ^
/home/liangan1/miniconda3/envs/pt_xpu/lib/python3.11/site-packages/torch/include/c10/core/Scalar.h:141:39: note: in instantiation of function template specialization 'c10::checked_convert<long, double>' requested here
  141 |   AT_FORALL_SCALAR_TYPES_WITH_COMPLEX(DEFINE_ACCESSOR)
      |                                       ^
/home/liangan1/miniconda3/envs/pt_xpu/lib/python3.11/site-packages/torch/include/torch/headeronly/core/ScalarType.h:86:3: note: expanded from macro 'AT_FORALL_SCALAR_TYPES_WITH_COMPLEX'
   86 |   _(int64_t, Long)                             \
      |   ^
/home/liangan1/miniconda3/envs/pt_xpu/lib/python3.11/site-packages/torch/include/c10/core/Scalar.h:117:14: note: expanded from macro 'DEFINE_ACCESSOR'
  117 |       return checked_convert<type, double>(v.d, #type);               \
      |              ^
In file included from /home/liangan1/cuda_to_sycl_examples/silu_and_mul/torch_ext/silu_and_mul_xpu_optimized.cpp:19:
In file included from /home/liangan1/miniconda3/envs/pt_xpu/lib/python3.11/site-packages/torch/include/torch/extension.h:6:
In file included from /home/liangan1/miniconda3/envs/pt_xpu/lib/python3.11/site-packages/torch/include/torch/csrc/api/include/torch/all.h:8:
In file included from /home/liangan1/miniconda3/envs/pt_xpu/lib/python3.11/site-packages/torch/include/torch/csrc/api/include/torch/autograd.h:4:
In file included from /home/liangan1/miniconda3/envs/pt_xpu/lib/python3.11/site-packages/torch/include/torch/csrc/autograd/autograd.h:4:
In file included from /home/liangan1/miniconda3/envs/pt_xpu/lib/python3.11/site-packages/torch/include/torch/csrc/autograd/variable.h:7:
In file included from /home/liangan1/miniconda3/envs/pt_xpu/lib/python3.11/site-packages/torch/include/torch/csrc/autograd/cpp_hook.h:3:
In file included from /home/liangan1/miniconda3/envs/pt_xpu/lib/python3.11/site-packages/torch/include/torch/csrc/autograd/function_hook.h:4:
In file included from /home/liangan1/miniconda3/envs/pt_xpu/lib/python3.11/site-packages/torch/include/ATen/Tensor.h:4:
In file included from /home/liangan1/miniconda3/envs/pt_xpu/lib/python3.11/site-packages/torch/include/ATen/core/Tensor.h:4:
In file included from /home/liangan1/miniconda3/envs/pt_xpu/lib/python3.11/site-packages/torch/include/ATen/core/TensorBody.h:17:
In file included from /home/liangan1/miniconda3/envs/pt_xpu/lib/python3.11/site-packages/torch/include/c10/core/Scalar.h:19:
In file included from /home/liangan1/miniconda3/envs/pt_xpu/lib/python3.11/site-packages/torch/include/c10/util/TypeCast.h:12:
/home/liangan1/miniconda3/envs/pt_xpu/lib/python3.11/site-packages/torch/include/c10/util/overflows.h:66:30: warning: use of infinity is undefined behavior due to the currently enabled floating-point options [-Wnan-infinity-disabled]
   66 |   if (limit::has_infinity && std::isinf(static_cast<double>(f))) {
      |                              ^~~~~~~~~~~~~~~~~~~~~~~~~~~~~~~~~~
/home/liangan1/miniconda3/envs/pt_xpu/lib/python3.11/site-packages/torch/include/c10/util/TypeCast.h:201:36: note: in instantiation of function template specialization 'c10::overflows<c10::Half, double>' requested here
  201 |   if (!std::is_same_v<To, bool> && overflows<To, From>(f)) {
      |                                    ^
/home/liangan1/miniconda3/envs/pt_xpu/lib/python3.11/site-packages/torch/include/c10/core/Scalar.h:141:39: note: in instantiation of function template specialization 'c10::checked_convert<c10::Half, double>' requested here
  141 |   AT_FORALL_SCALAR_TYPES_WITH_COMPLEX(DEFINE_ACCESSOR)
      |                                       ^
/home/liangan1/miniconda3/envs/pt_xpu/lib/python3.11/site-packages/torch/include/torch/headeronly/core/ScalarType.h:87:3: note: expanded from macro 'AT_FORALL_SCALAR_TYPES_WITH_COMPLEX'
   87 |   _(c10::Half, Half)                           \
      |   ^
/home/liangan1/miniconda3/envs/pt_xpu/lib/python3.11/site-packages/torch/include/c10/core/Scalar.h:117:14: note: expanded from macro 'DEFINE_ACCESSOR'
  117 |       return checked_convert<type, double>(v.d, #type);               \
      |              ^
In file included from /home/liangan1/cuda_to_sycl_examples/silu_and_mul/torch_ext/silu_and_mul_xpu_optimized.cpp:19:
In file included from /home/liangan1/miniconda3/envs/pt_xpu/lib/python3.11/site-packages/torch/include/torch/extension.h:6:
In file included from /home/liangan1/miniconda3/envs/pt_xpu/lib/python3.11/site-packages/torch/include/torch/csrc/api/include/torch/all.h:8:
In file included from /home/liangan1/miniconda3/envs/pt_xpu/lib/python3.11/site-packages/torch/include/torch/csrc/api/include/torch/autograd.h:4:
In file included from /home/liangan1/miniconda3/envs/pt_xpu/lib/python3.11/site-packages/torch/include/torch/csrc/autograd/autograd.h:4:
In file included from /home/liangan1/miniconda3/envs/pt_xpu/lib/python3.11/site-packages/torch/include/torch/csrc/autograd/variable.h:7:
In file included from /home/liangan1/miniconda3/envs/pt_xpu/lib/python3.11/site-packages/torch/include/torch/csrc/autograd/cpp_hook.h:3:
In file included from /home/liangan1/miniconda3/envs/pt_xpu/lib/python3.11/site-packages/torch/include/torch/csrc/autograd/function_hook.h:4:
In file included from /home/liangan1/miniconda3/envs/pt_xpu/lib/python3.11/site-packages/torch/include/ATen/Tensor.h:4:
In file included from /home/liangan1/miniconda3/envs/pt_xpu/lib/python3.11/site-packages/torch/include/ATen/core/Tensor.h:4:
In file included from /home/liangan1/miniconda3/envs/pt_xpu/lib/python3.11/site-packages/torch/include/ATen/core/TensorBody.h:17:
In file included from /home/liangan1/miniconda3/envs/pt_xpu/lib/python3.11/site-packages/torch/include/c10/core/Scalar.h:19:
In file included from /home/liangan1/miniconda3/envs/pt_xpu/lib/python3.11/site-packages/torch/include/c10/util/TypeCast.h:12:
/home/liangan1/miniconda3/envs/pt_xpu/lib/python3.11/site-packages/torch/include/c10/util/overflows.h:66:30: warning: use of infinity is undefined behavior due to the currently enabled floating-point options [-Wnan-infinity-disabled]
   66 |   if (limit::has_infinity && std::isinf(static_cast<double>(f))) {
      |                              ^~~~~~~~~~~~~~~~~~~~~~~~~~~~~~~~~~
/home/liangan1/miniconda3/envs/pt_xpu/lib/python3.11/site-packages/torch/include/c10/util/TypeCast.h:201:36: note: in instantiation of function template specialization 'c10::overflows<float, double>' requested here
  201 |   if (!std::is_same_v<To, bool> && overflows<To, From>(f)) {
      |                                    ^
/home/liangan1/miniconda3/envs/pt_xpu/lib/python3.11/site-packages/torch/include/c10/core/Scalar.h:141:39: note: in instantiation of function template specialization 'c10::checked_convert<float, double>' requested here
  141 |   AT_FORALL_SCALAR_TYPES_WITH_COMPLEX(DEFINE_ACCESSOR)
      |                                       ^
/home/liangan1/miniconda3/envs/pt_xpu/lib/python3.11/site-packages/torch/include/torch/headeronly/core/ScalarType.h:88:3: note: expanded from macro 'AT_FORALL_SCALAR_TYPES_WITH_COMPLEX'
   88 |   _(float, Float)                              \
      |   ^
/home/liangan1/miniconda3/envs/pt_xpu/lib/python3.11/site-packages/torch/include/c10/core/Scalar.h:117:14: note: expanded from macro 'DEFINE_ACCESSOR'
  117 |       return checked_convert<type, double>(v.d, #type);               \
      |              ^
In file included from /home/liangan1/cuda_to_sycl_examples/silu_and_mul/torch_ext/silu_and_mul_xpu_optimized.cpp:19:
In file included from /home/liangan1/miniconda3/envs/pt_xpu/lib/python3.11/site-packages/torch/include/torch/extension.h:6:
In file included from /home/liangan1/miniconda3/envs/pt_xpu/lib/python3.11/site-packages/torch/include/torch/csrc/api/include/torch/all.h:8:
In file included from /home/liangan1/miniconda3/envs/pt_xpu/lib/python3.11/site-packages/torch/include/torch/csrc/api/include/torch/autograd.h:4:
In file included from /home/liangan1/miniconda3/envs/pt_xpu/lib/python3.11/site-packages/torch/include/torch/csrc/autograd/autograd.h:4:
In file included from /home/liangan1/miniconda3/envs/pt_xpu/lib/python3.11/site-packages/torch/include/torch/csrc/autograd/variable.h:7:
In file included from /home/liangan1/miniconda3/envs/pt_xpu/lib/python3.11/site-packages/torch/include/torch/csrc/autograd/cpp_hook.h:3:
In file included from /home/liangan1/miniconda3/envs/pt_xpu/lib/python3.11/site-packages/torch/include/torch/csrc/autograd/function_hook.h:4:
In file included from /home/liangan1/miniconda3/envs/pt_xpu/lib/python3.11/site-packages/torch/include/ATen/Tensor.h:4:
In file included from /home/liangan1/miniconda3/envs/pt_xpu/lib/python3.11/site-packages/torch/include/ATen/core/Tensor.h:4:
In file included from /home/liangan1/miniconda3/envs/pt_xpu/lib/python3.11/site-packages/torch/include/ATen/core/TensorBody.h:17:
In file included from /home/liangan1/miniconda3/envs/pt_xpu/lib/python3.11/site-packages/torch/include/c10/core/Scalar.h:19:
In file included from /home/liangan1/miniconda3/envs/pt_xpu/lib/python3.11/site-packages/torch/include/c10/util/TypeCast.h:12:
/home/liangan1/miniconda3/envs/pt_xpu/lib/python3.11/site-packages/torch/include/c10/util/overflows.h:66:30: warning: use of infinity is undefined behavior due to the currently enabled floating-point options [-Wnan-infinity-disabled]
   66 |   if (limit::has_infinity && std::isinf(static_cast<double>(f))) {
      |                              ^~~~~~~~~~~~~~~~~~~~~~~~~~~~~~~~~~
/home/liangan1/miniconda3/envs/pt_xpu/lib/python3.11/site-packages/torch/include/c10/util/TypeCast.h:201:36: note: in instantiation of function template specialization 'c10::overflows<double, double>' requested here
  201 |   if (!std::is_same_v<To, bool> && overflows<To, From>(f)) {
      |                                    ^
/home/liangan1/miniconda3/envs/pt_xpu/lib/python3.11/site-packages/torch/include/c10/core/Scalar.h:141:39: note: in instantiation of function template specialization 'c10::checked_convert<double, double>' requested here
  141 |   AT_FORALL_SCALAR_TYPES_WITH_COMPLEX(DEFINE_ACCESSOR)
      |                                       ^
/home/liangan1/miniconda3/envs/pt_xpu/lib/python3.11/site-packages/torch/include/torch/headeronly/core/ScalarType.h:89:3: note: expanded from macro 'AT_FORALL_SCALAR_TYPES_WITH_COMPLEX'
   89 |   _(double, Double)                            \
      |   ^
/home/liangan1/miniconda3/envs/pt_xpu/lib/python3.11/site-packages/torch/include/c10/core/Scalar.h:117:14: note: expanded from macro 'DEFINE_ACCESSOR'
  117 |       return checked_convert<type, double>(v.d, #type);               \
      |              ^
In file included from /home/liangan1/cuda_to_sycl_examples/silu_and_mul/torch_ext/silu_and_mul_xpu_optimized.cpp:19:
In file included from /home/liangan1/miniconda3/envs/pt_xpu/lib/python3.11/site-packages/torch/include/torch/extension.h:6:
In file included from /home/liangan1/miniconda3/envs/pt_xpu/lib/python3.11/site-packages/torch/include/torch/csrc/api/include/torch/all.h:8:
In file included from /home/liangan1/miniconda3/envs/pt_xpu/lib/python3.11/site-packages/torch/include/torch/csrc/api/include/torch/autograd.h:4:
In file included from /home/liangan1/miniconda3/envs/pt_xpu/lib/python3.11/site-packages/torch/include/torch/csrc/autograd/autograd.h:4:
In file included from /home/liangan1/miniconda3/envs/pt_xpu/lib/python3.11/site-packages/torch/include/torch/csrc/autograd/variable.h:7:
In file included from /home/liangan1/miniconda3/envs/pt_xpu/lib/python3.11/site-packages/torch/include/torch/csrc/autograd/cpp_hook.h:3:
In file included from /home/liangan1/miniconda3/envs/pt_xpu/lib/python3.11/site-packages/torch/include/torch/csrc/autograd/function_hook.h:4:
In file included from /home/liangan1/miniconda3/envs/pt_xpu/lib/python3.11/site-packages/torch/include/ATen/Tensor.h:4:
In file included from /home/liangan1/miniconda3/envs/pt_xpu/lib/python3.11/site-packages/torch/include/ATen/core/Tensor.h:4:
In file included from /home/liangan1/miniconda3/envs/pt_xpu/lib/python3.11/site-packages/torch/include/ATen/core/TensorBody.h:17:
In file included from /home/liangan1/miniconda3/envs/pt_xpu/lib/python3.11/site-packages/torch/include/c10/core/Scalar.h:19:
In file included from /home/liangan1/miniconda3/envs/pt_xpu/lib/python3.11/site-packages/torch/include/c10/util/TypeCast.h:12:
/home/liangan1/miniconda3/envs/pt_xpu/lib/python3.11/site-packages/torch/include/c10/util/overflows.h:66:30: warning: use of infinity is undefined behavior due to the currently enabled floating-point options [-Wnan-infinity-disabled]
   66 |   if (limit::has_infinity && std::isinf(static_cast<double>(f))) {
      |                              ^~~~~~~~~~~~~~~~~~~~~~~~~~~~~~~~~~
/home/liangan1/miniconda3/envs/pt_xpu/lib/python3.11/site-packages/torch/include/c10/util/TypeCast.h:201:36: note: in instantiation of function template specialization 'c10::overflows<c10::complex<Half>, double>' requested here
  201 |   if (!std::is_same_v<To, bool> && overflows<To, From>(f)) {
      |                                    ^
/home/liangan1/miniconda3/envs/pt_xpu/lib/python3.11/site-packages/torch/include/c10/core/Scalar.h:141:39: note: in instantiation of function template specialization 'c10::checked_convert<c10::complex<Half>, double>' requested here
  141 |   AT_FORALL_SCALAR_TYPES_WITH_COMPLEX(DEFINE_ACCESSOR)
      |                                       ^
/home/liangan1/miniconda3/envs/pt_xpu/lib/python3.11/site-packages/torch/include/torch/headeronly/core/ScalarType.h:90:3: note: expanded from macro 'AT_FORALL_SCALAR_TYPES_WITH_COMPLEX'
   90 |   _(c10::complex<c10::Half>, ComplexHalf)      \
      |   ^
/home/liangan1/miniconda3/envs/pt_xpu/lib/python3.11/site-packages/torch/include/c10/core/Scalar.h:117:14: note: expanded from macro 'DEFINE_ACCESSOR'
  117 |       return checked_convert<type, double>(v.d, #type);               \
      |              ^
In file included from /home/liangan1/cuda_to_sycl_examples/silu_and_mul/torch_ext/silu_and_mul_xpu_optimized.cpp:19:
In file included from /home/liangan1/miniconda3/envs/pt_xpu/lib/python3.11/site-packages/torch/include/torch/extension.h:6:
In file included from /home/liangan1/miniconda3/envs/pt_xpu/lib/python3.11/site-packages/torch/include/torch/csrc/api/include/torch/all.h:8:
In file included from /home/liangan1/miniconda3/envs/pt_xpu/lib/python3.11/site-packages/torch/include/torch/csrc/api/include/torch/autograd.h:4:
In file included from /home/liangan1/miniconda3/envs/pt_xpu/lib/python3.11/site-packages/torch/include/torch/csrc/autograd/autograd.h:4:
In file included from /home/liangan1/miniconda3/envs/pt_xpu/lib/python3.11/site-packages/torch/include/torch/csrc/autograd/variable.h:7:
In file included from /home/liangan1/miniconda3/envs/pt_xpu/lib/python3.11/site-packages/torch/include/torch/csrc/autograd/cpp_hook.h:3:
In file included from /home/liangan1/miniconda3/envs/pt_xpu/lib/python3.11/site-packages/torch/include/torch/csrc/autograd/function_hook.h:4:
In file included from /home/liangan1/miniconda3/envs/pt_xpu/lib/python3.11/site-packages/torch/include/ATen/Tensor.h:4:
In file included from /home/liangan1/miniconda3/envs/pt_xpu/lib/python3.11/site-packages/torch/include/ATen/core/Tensor.h:4:
In file included from /home/liangan1/miniconda3/envs/pt_xpu/lib/python3.11/site-packages/torch/include/ATen/core/TensorBody.h:17:
In file included from /home/liangan1/miniconda3/envs/pt_xpu/lib/python3.11/site-packages/torch/include/c10/core/Scalar.h:19:
In file included from /home/liangan1/miniconda3/envs/pt_xpu/lib/python3.11/site-packages/torch/include/c10/util/TypeCast.h:12:
/home/liangan1/miniconda3/envs/pt_xpu/lib/python3.11/site-packages/torch/include/c10/util/overflows.h:66:30: warning: use of infinity is undefined behavior due to the currently enabled floating-point options [-Wnan-infinity-disabled]
   66 |   if (limit::has_infinity && std::isinf(static_cast<double>(f))) {
      |                              ^~~~~~~~~~~~~~~~~~~~~~~~~~~~~~~~~~
/home/liangan1/miniconda3/envs/pt_xpu/lib/python3.11/site-packages/torch/include/c10/util/TypeCast.h:201:36: note: in instantiation of function template specialization 'c10::overflows<c10::complex<float>, double>' requested here
  201 |   if (!std::is_same_v<To, bool> && overflows<To, From>(f)) {
      |                                    ^
/home/liangan1/miniconda3/envs/pt_xpu/lib/python3.11/site-packages/torch/include/c10/core/Scalar.h:141:39: note: in instantiation of function template specialization 'c10::checked_convert<c10::complex<float>, double>' requested here
  141 |   AT_FORALL_SCALAR_TYPES_WITH_COMPLEX(DEFINE_ACCESSOR)
      |                                       ^
/home/liangan1/miniconda3/envs/pt_xpu/lib/python3.11/site-packages/torch/include/torch/headeronly/core/ScalarType.h:91:3: note: expanded from macro 'AT_FORALL_SCALAR_TYPES_WITH_COMPLEX'
   91 |   _(c10::complex<float>, ComplexFloat)         \
      |   ^
/home/liangan1/miniconda3/envs/pt_xpu/lib/python3.11/site-packages/torch/include/c10/core/Scalar.h:117:14: note: expanded from macro 'DEFINE_ACCESSOR'
  117 |       return checked_convert<type, double>(v.d, #type);               \
      |              ^
In file included from /home/liangan1/cuda_to_sycl_examples/silu_and_mul/torch_ext/silu_and_mul_xpu_optimized.cpp:19:
In file included from /home/liangan1/miniconda3/envs/pt_xpu/lib/python3.11/site-packages/torch/include/torch/extension.h:6:
In file included from /home/liangan1/miniconda3/envs/pt_xpu/lib/python3.11/site-packages/torch/include/torch/csrc/api/include/torch/all.h:8:
In file included from /home/liangan1/miniconda3/envs/pt_xpu/lib/python3.11/site-packages/torch/include/torch/csrc/api/include/torch/autograd.h:4:
In file included from /home/liangan1/miniconda3/envs/pt_xpu/lib/python3.11/site-packages/torch/include/torch/csrc/autograd/autograd.h:4:
In file included from /home/liangan1/miniconda3/envs/pt_xpu/lib/python3.11/site-packages/torch/include/torch/csrc/autograd/variable.h:7:
In file included from /home/liangan1/miniconda3/envs/pt_xpu/lib/python3.11/site-packages/torch/include/torch/csrc/autograd/cpp_hook.h:3:
In file included from /home/liangan1/miniconda3/envs/pt_xpu/lib/python3.11/site-packages/torch/include/torch/csrc/autograd/function_hook.h:4:
In file included from /home/liangan1/miniconda3/envs/pt_xpu/lib/python3.11/site-packages/torch/include/ATen/Tensor.h:4:
In file included from /home/liangan1/miniconda3/envs/pt_xpu/lib/python3.11/site-packages/torch/include/ATen/core/Tensor.h:4:
In file included from /home/liangan1/miniconda3/envs/pt_xpu/lib/python3.11/site-packages/torch/include/ATen/core/TensorBody.h:17:
In file included from /home/liangan1/miniconda3/envs/pt_xpu/lib/python3.11/site-packages/torch/include/c10/core/Scalar.h:19:
In file included from /home/liangan1/miniconda3/envs/pt_xpu/lib/python3.11/site-packages/torch/include/c10/util/TypeCast.h:12:
/home/liangan1/miniconda3/envs/pt_xpu/lib/python3.11/site-packages/torch/include/c10/util/overflows.h:66:30: warning: use of infinity is undefined behavior due to the currently enabled floating-point options [-Wnan-infinity-disabled]
   66 |   if (limit::has_infinity && std::isinf(static_cast<double>(f))) {
      |                              ^~~~~~~~~~~~~~~~~~~~~~~~~~~~~~~~~~
/home/liangan1/miniconda3/envs/pt_xpu/lib/python3.11/site-packages/torch/include/c10/util/TypeCast.h:201:36: note: in instantiation of function template specialization 'c10::overflows<c10::complex<double>, double>' requested here
  201 |   if (!std::is_same_v<To, bool> && overflows<To, From>(f)) {
      |                                    ^
/home/liangan1/miniconda3/envs/pt_xpu/lib/python3.11/site-packages/torch/include/c10/core/Scalar.h:141:39: note: in instantiation of function template specialization 'c10::checked_convert<c10::complex<double>, double>' requested here
  141 |   AT_FORALL_SCALAR_TYPES_WITH_COMPLEX(DEFINE_ACCESSOR)
      |                                       ^
/home/liangan1/miniconda3/envs/pt_xpu/lib/python3.11/site-packages/torch/include/torch/headeronly/core/ScalarType.h:92:3: note: expanded from macro 'AT_FORALL_SCALAR_TYPES_WITH_COMPLEX'
   92 |   _(c10::complex<double>, ComplexDouble)       \
      |   ^
/home/liangan1/miniconda3/envs/pt_xpu/lib/python3.11/site-packages/torch/include/c10/core/Scalar.h:117:14: note: expanded from macro 'DEFINE_ACCESSOR'
  117 |       return checked_convert<type, double>(v.d, #type);               \
      |              ^
In file included from /home/liangan1/cuda_to_sycl_examples/silu_and_mul/torch_ext/silu_and_mul_xpu_optimized.cpp:19:
In file included from /home/liangan1/miniconda3/envs/pt_xpu/lib/python3.11/site-packages/torch/include/torch/extension.h:6:
In file included from /home/liangan1/miniconda3/envs/pt_xpu/lib/python3.11/site-packages/torch/include/torch/csrc/api/include/torch/all.h:8:
In file included from /home/liangan1/miniconda3/envs/pt_xpu/lib/python3.11/site-packages/torch/include/torch/csrc/api/include/torch/autograd.h:4:
In file included from /home/liangan1/miniconda3/envs/pt_xpu/lib/python3.11/site-packages/torch/include/torch/csrc/autograd/autograd.h:4:
In file included from /home/liangan1/miniconda3/envs/pt_xpu/lib/python3.11/site-packages/torch/include/torch/csrc/autograd/variable.h:7:
In file included from /home/liangan1/miniconda3/envs/pt_xpu/lib/python3.11/site-packages/torch/include/torch/csrc/autograd/cpp_hook.h:3:
In file included from /home/liangan1/miniconda3/envs/pt_xpu/lib/python3.11/site-packages/torch/include/torch/csrc/autograd/function_hook.h:4:
In file included from /home/liangan1/miniconda3/envs/pt_xpu/lib/python3.11/site-packages/torch/include/ATen/Tensor.h:4:
In file included from /home/liangan1/miniconda3/envs/pt_xpu/lib/python3.11/site-packages/torch/include/ATen/core/Tensor.h:4:
In file included from /home/liangan1/miniconda3/envs/pt_xpu/lib/python3.11/site-packages/torch/include/ATen/core/TensorBody.h:17:
In file included from /home/liangan1/miniconda3/envs/pt_xpu/lib/python3.11/site-packages/torch/include/c10/core/Scalar.h:19:
In file included from /home/liangan1/miniconda3/envs/pt_xpu/lib/python3.11/site-packages/torch/include/c10/util/TypeCast.h:12:
/home/liangan1/miniconda3/envs/pt_xpu/lib/python3.11/site-packages/torch/include/c10/util/overflows.h:66:30: warning: use of infinity is undefined behavior due to the currently enabled floating-point options [-Wnan-infinity-disabled]
   66 |   if (limit::has_infinity && std::isinf(static_cast<double>(f))) {
      |                              ^~~~~~~~~~~~~~~~~~~~~~~~~~~~~~~~~~
/home/liangan1/miniconda3/envs/pt_xpu/lib/python3.11/site-packages/torch/include/c10/util/TypeCast.h:201:36: note: in instantiation of function template specialization 'c10::overflows<bool, double>' requested here
  201 |   if (!std::is_same_v<To, bool> && overflows<To, From>(f)) {
      |                                    ^
/home/liangan1/miniconda3/envs/pt_xpu/lib/python3.11/site-packages/torch/include/c10/core/Scalar.h:141:39: note: in instantiation of function template specialization 'c10::checked_convert<bool, double>' requested here
  141 |   AT_FORALL_SCALAR_TYPES_WITH_COMPLEX(DEFINE_ACCESSOR)
      |                                       ^
/home/liangan1/miniconda3/envs/pt_xpu/lib/python3.11/site-packages/torch/include/torch/headeronly/core/ScalarType.h:93:3: note: expanded from macro 'AT_FORALL_SCALAR_TYPES_WITH_COMPLEX'
   93 |   _(bool, Bool)                                \
      |   ^
/home/liangan1/miniconda3/envs/pt_xpu/lib/python3.11/site-packages/torch/include/c10/core/Scalar.h:117:14: note: expanded from macro 'DEFINE_ACCESSOR'
  117 |       return checked_convert<type, double>(v.d, #type);               \
      |              ^
In file included from /home/liangan1/cuda_to_sycl_examples/silu_and_mul/torch_ext/silu_and_mul_xpu_optimized.cpp:19:
In file included from /home/liangan1/miniconda3/envs/pt_xpu/lib/python3.11/site-packages/torch/include/torch/extension.h:6:
In file included from /home/liangan1/miniconda3/envs/pt_xpu/lib/python3.11/site-packages/torch/include/torch/csrc/api/include/torch/all.h:8:
In file included from /home/liangan1/miniconda3/envs/pt_xpu/lib/python3.11/site-packages/torch/include/torch/csrc/api/include/torch/autograd.h:4:
In file included from /home/liangan1/miniconda3/envs/pt_xpu/lib/python3.11/site-packages/torch/include/torch/csrc/autograd/autograd.h:4:
In file included from /home/liangan1/miniconda3/envs/pt_xpu/lib/python3.11/site-packages/torch/include/torch/csrc/autograd/variable.h:7:
In file included from /home/liangan1/miniconda3/envs/pt_xpu/lib/python3.11/site-packages/torch/include/torch/csrc/autograd/cpp_hook.h:3:
In file included from /home/liangan1/miniconda3/envs/pt_xpu/lib/python3.11/site-packages/torch/include/torch/csrc/autograd/function_hook.h:4:
In file included from /home/liangan1/miniconda3/envs/pt_xpu/lib/python3.11/site-packages/torch/include/ATen/Tensor.h:4:
In file included from /home/liangan1/miniconda3/envs/pt_xpu/lib/python3.11/site-packages/torch/include/ATen/core/Tensor.h:4:
In file included from /home/liangan1/miniconda3/envs/pt_xpu/lib/python3.11/site-packages/torch/include/ATen/core/TensorBody.h:17:
In file included from /home/liangan1/miniconda3/envs/pt_xpu/lib/python3.11/site-packages/torch/include/c10/core/Scalar.h:19:
In file included from /home/liangan1/miniconda3/envs/pt_xpu/lib/python3.11/site-packages/torch/include/c10/util/TypeCast.h:12:
/home/liangan1/miniconda3/envs/pt_xpu/lib/python3.11/site-packages/torch/include/c10/util/overflows.h:66:30: warning: use of infinity is undefined behavior due to the currently enabled floating-point options [-Wnan-infinity-disabled]
   66 |   if (limit::has_infinity && std::isinf(static_cast<double>(f))) {
      |                              ^~~~~~~~~~~~~~~~~~~~~~~~~~~~~~~~~~
/home/liangan1/miniconda3/envs/pt_xpu/lib/python3.11/site-packages/torch/include/c10/util/TypeCast.h:201:36: note: in instantiation of function template specialization 'c10::overflows<c10::BFloat16, double>' requested here
  201 |   if (!std::is_same_v<To, bool> && overflows<To, From>(f)) {
      |                                    ^
/home/liangan1/miniconda3/envs/pt_xpu/lib/python3.11/site-packages/torch/include/c10/core/Scalar.h:141:39: note: in instantiation of function template specialization 'c10::checked_convert<c10::BFloat16, double>' requested here
  141 |   AT_FORALL_SCALAR_TYPES_WITH_COMPLEX(DEFINE_ACCESSOR)
      |                                       ^
/home/liangan1/miniconda3/envs/pt_xpu/lib/python3.11/site-packages/torch/include/torch/headeronly/core/ScalarType.h:94:3: note: expanded from macro 'AT_FORALL_SCALAR_TYPES_WITH_COMPLEX'
   94 |   _(c10::BFloat16, BFloat16)                   \
      |   ^
/home/liangan1/miniconda3/envs/pt_xpu/lib/python3.11/site-packages/torch/include/c10/core/Scalar.h:117:14: note: expanded from macro 'DEFINE_ACCESSOR'
  117 |       return checked_convert<type, double>(v.d, #type);               \
      |              ^
In file included from /home/liangan1/cuda_to_sycl_examples/silu_and_mul/torch_ext/silu_and_mul_xpu_optimized.cpp:19:
In file included from /home/liangan1/miniconda3/envs/pt_xpu/lib/python3.11/site-packages/torch/include/torch/extension.h:6:
In file included from /home/liangan1/miniconda3/envs/pt_xpu/lib/python3.11/site-packages/torch/include/torch/csrc/api/include/torch/all.h:8:
In file included from /home/liangan1/miniconda3/envs/pt_xpu/lib/python3.11/site-packages/torch/include/torch/csrc/api/include/torch/autograd.h:4:
In file included from /home/liangan1/miniconda3/envs/pt_xpu/lib/python3.11/site-packages/torch/include/torch/csrc/autograd/autograd.h:4:
In file included from /home/liangan1/miniconda3/envs/pt_xpu/lib/python3.11/site-packages/torch/include/torch/csrc/autograd/variable.h:7:
In file included from /home/liangan1/miniconda3/envs/pt_xpu/lib/python3.11/site-packages/torch/include/torch/csrc/autograd/cpp_hook.h:3:
In file included from /home/liangan1/miniconda3/envs/pt_xpu/lib/python3.11/site-packages/torch/include/torch/csrc/autograd/function_hook.h:4:
In file included from /home/liangan1/miniconda3/envs/pt_xpu/lib/python3.11/site-packages/torch/include/ATen/Tensor.h:4:
In file included from /home/liangan1/miniconda3/envs/pt_xpu/lib/python3.11/site-packages/torch/include/ATen/core/Tensor.h:4:
In file included from /home/liangan1/miniconda3/envs/pt_xpu/lib/python3.11/site-packages/torch/include/ATen/core/TensorBody.h:17:
In file included from /home/liangan1/miniconda3/envs/pt_xpu/lib/python3.11/site-packages/torch/include/c10/core/Scalar.h:19:
In file included from /home/liangan1/miniconda3/envs/pt_xpu/lib/python3.11/site-packages/torch/include/c10/util/TypeCast.h:12:
/home/liangan1/miniconda3/envs/pt_xpu/lib/python3.11/site-packages/torch/include/c10/util/overflows.h:66:30: warning: use of infinity is undefined behavior due to the currently enabled floating-point options [-Wnan-infinity-disabled]
   66 |   if (limit::has_infinity && std::isinf(static_cast<double>(f))) {
      |                              ^~~~~~~~~~~~~~~~~~~~~~~~~~~~~~~~~~
/home/liangan1/miniconda3/envs/pt_xpu/lib/python3.11/site-packages/torch/include/c10/util/TypeCast.h:201:36: note: in instantiation of function template specialization 'c10::overflows<c10::Float8_e5m2, double>' requested here
  201 |   if (!std::is_same_v<To, bool> && overflows<To, From>(f)) {
      |                                    ^
/home/liangan1/miniconda3/envs/pt_xpu/lib/python3.11/site-packages/torch/include/c10/core/Scalar.h:141:39: note: in instantiation of function template specialization 'c10::checked_convert<c10::Float8_e5m2, double>' requested here
  141 |   AT_FORALL_SCALAR_TYPES_WITH_COMPLEX(DEFINE_ACCESSOR)
      |                                       ^
/home/liangan1/miniconda3/envs/pt_xpu/lib/python3.11/site-packages/torch/include/torch/headeronly/core/ScalarType.h:95:3: note: expanded from macro 'AT_FORALL_SCALAR_TYPES_WITH_COMPLEX'
   95 |   _(c10::Float8_e5m2, Float8_e5m2)             \
      |   ^
/home/liangan1/miniconda3/envs/pt_xpu/lib/python3.11/site-packages/torch/include/c10/core/Scalar.h:117:14: note: expanded from macro 'DEFINE_ACCESSOR'
  117 |       return checked_convert<type, double>(v.d, #type);               \
      |              ^
In file included from /home/liangan1/cuda_to_sycl_examples/silu_and_mul/torch_ext/silu_and_mul_xpu_optimized.cpp:19:
In file included from /home/liangan1/miniconda3/envs/pt_xpu/lib/python3.11/site-packages/torch/include/torch/extension.h:6:
In file included from /home/liangan1/miniconda3/envs/pt_xpu/lib/python3.11/site-packages/torch/include/torch/csrc/api/include/torch/all.h:8:
In file included from /home/liangan1/miniconda3/envs/pt_xpu/lib/python3.11/site-packages/torch/include/torch/csrc/api/include/torch/autograd.h:4:
In file included from /home/liangan1/miniconda3/envs/pt_xpu/lib/python3.11/site-packages/torch/include/torch/csrc/autograd/autograd.h:4:
In file included from /home/liangan1/miniconda3/envs/pt_xpu/lib/python3.11/site-packages/torch/include/torch/csrc/autograd/variable.h:7:
In file included from /home/liangan1/miniconda3/envs/pt_xpu/lib/python3.11/site-packages/torch/include/torch/csrc/autograd/cpp_hook.h:3:
In file included from /home/liangan1/miniconda3/envs/pt_xpu/lib/python3.11/site-packages/torch/include/torch/csrc/autograd/function_hook.h:4:
In file included from /home/liangan1/miniconda3/envs/pt_xpu/lib/python3.11/site-packages/torch/include/ATen/Tensor.h:4:
In file included from /home/liangan1/miniconda3/envs/pt_xpu/lib/python3.11/site-packages/torch/include/ATen/core/Tensor.h:4:
In file included from /home/liangan1/miniconda3/envs/pt_xpu/lib/python3.11/site-packages/torch/include/ATen/core/TensorBody.h:17:
In file included from /home/liangan1/miniconda3/envs/pt_xpu/lib/python3.11/site-packages/torch/include/c10/core/Scalar.h:19:
In file included from /home/liangan1/miniconda3/envs/pt_xpu/lib/python3.11/site-packages/torch/include/c10/util/TypeCast.h:12:
/home/liangan1/miniconda3/envs/pt_xpu/lib/python3.11/site-packages/torch/include/c10/util/overflows.h:66:30: warning: use of infinity is undefined behavior due to the currently enabled floating-point options [-Wnan-infinity-disabled]
   66 |   if (limit::has_infinity && std::isinf(static_cast<double>(f))) {
      |                              ^~~~~~~~~~~~~~~~~~~~~~~~~~~~~~~~~~
/home/liangan1/miniconda3/envs/pt_xpu/lib/python3.11/site-packages/torch/include/c10/util/TypeCast.h:201:36: note: in instantiation of function template specialization 'c10::overflows<c10::Float8_e4m3fn, double>' requested here
  201 |   if (!std::is_same_v<To, bool> && overflows<To, From>(f)) {
      |                                    ^
/home/liangan1/miniconda3/envs/pt_xpu/lib/python3.11/site-packages/torch/include/c10/core/Scalar.h:141:39: note: in instantiation of function template specialization 'c10::checked_convert<c10::Float8_e4m3fn, double>' requested here
  141 |   AT_FORALL_SCALAR_TYPES_WITH_COMPLEX(DEFINE_ACCESSOR)
      |                                       ^
/home/liangan1/miniconda3/envs/pt_xpu/lib/python3.11/site-packages/torch/include/torch/headeronly/core/ScalarType.h:96:3: note: expanded from macro 'AT_FORALL_SCALAR_TYPES_WITH_COMPLEX'
   96 |   _(c10::Float8_e4m3fn, Float8_e4m3fn)         \
      |   ^
/home/liangan1/miniconda3/envs/pt_xpu/lib/python3.11/site-packages/torch/include/c10/core/Scalar.h:117:14: note: expanded from macro 'DEFINE_ACCESSOR'
  117 |       return checked_convert<type, double>(v.d, #type);               \
      |              ^
In file included from /home/liangan1/cuda_to_sycl_examples/silu_and_mul/torch_ext/silu_and_mul_xpu_optimized.cpp:19:
In file included from /home/liangan1/miniconda3/envs/pt_xpu/lib/python3.11/site-packages/torch/include/torch/extension.h:6:
In file included from /home/liangan1/miniconda3/envs/pt_xpu/lib/python3.11/site-packages/torch/include/torch/csrc/api/include/torch/all.h:8:
In file included from /home/liangan1/miniconda3/envs/pt_xpu/lib/python3.11/site-packages/torch/include/torch/csrc/api/include/torch/autograd.h:4:
In file included from /home/liangan1/miniconda3/envs/pt_xpu/lib/python3.11/site-packages/torch/include/torch/csrc/autograd/autograd.h:4:
In file included from /home/liangan1/miniconda3/envs/pt_xpu/lib/python3.11/site-packages/torch/include/torch/csrc/autograd/variable.h:7:
In file included from /home/liangan1/miniconda3/envs/pt_xpu/lib/python3.11/site-packages/torch/include/torch/csrc/autograd/cpp_hook.h:3:
In file included from /home/liangan1/miniconda3/envs/pt_xpu/lib/python3.11/site-packages/torch/include/torch/csrc/autograd/function_hook.h:4:
In file included from /home/liangan1/miniconda3/envs/pt_xpu/lib/python3.11/site-packages/torch/include/ATen/Tensor.h:4:
In file included from /home/liangan1/miniconda3/envs/pt_xpu/lib/python3.11/site-packages/torch/include/ATen/core/Tensor.h:4:
In file included from /home/liangan1/miniconda3/envs/pt_xpu/lib/python3.11/site-packages/torch/include/ATen/core/TensorBody.h:17:
In file included from /home/liangan1/miniconda3/envs/pt_xpu/lib/python3.11/site-packages/torch/include/c10/core/Scalar.h:19:
In file included from /home/liangan1/miniconda3/envs/pt_xpu/lib/python3.11/site-packages/torch/include/c10/util/TypeCast.h:12:
/home/liangan1/miniconda3/envs/pt_xpu/lib/python3.11/site-packages/torch/include/c10/util/overflows.h:66:30: warning: use of infinity is undefined behavior due to the currently enabled floating-point options [-Wnan-infinity-disabled]
   66 |   if (limit::has_infinity && std::isinf(static_cast<double>(f))) {
      |                              ^~~~~~~~~~~~~~~~~~~~~~~~~~~~~~~~~~
/home/liangan1/miniconda3/envs/pt_xpu/lib/python3.11/site-packages/torch/include/c10/util/TypeCast.h:201:36: note: in instantiation of function template specialization 'c10::overflows<c10::Float8_e5m2fnuz, double>' requested here
  201 |   if (!std::is_same_v<To, bool> && overflows<To, From>(f)) {
      |                                    ^
/home/liangan1/miniconda3/envs/pt_xpu/lib/python3.11/site-packages/torch/include/c10/core/Scalar.h:141:39: note: in instantiation of function template specialization 'c10::checked_convert<c10::Float8_e5m2fnuz, double>' requested here
  141 |   AT_FORALL_SCALAR_TYPES_WITH_COMPLEX(DEFINE_ACCESSOR)
      |                                       ^
/home/liangan1/miniconda3/envs/pt_xpu/lib/python3.11/site-packages/torch/include/torch/headeronly/core/ScalarType.h:97:3: note: expanded from macro 'AT_FORALL_SCALAR_TYPES_WITH_COMPLEX'
   97 |   _(c10::Float8_e5m2fnuz, Float8_e5m2fnuz)     \
      |   ^
/home/liangan1/miniconda3/envs/pt_xpu/lib/python3.11/site-packages/torch/include/c10/core/Scalar.h:117:14: note: expanded from macro 'DEFINE_ACCESSOR'
  117 |       return checked_convert<type, double>(v.d, #type);               \
      |              ^
In file included from /home/liangan1/cuda_to_sycl_examples/silu_and_mul/torch_ext/silu_and_mul_xpu_optimized.cpp:19:
In file included from /home/liangan1/miniconda3/envs/pt_xpu/lib/python3.11/site-packages/torch/include/torch/extension.h:6:
In file included from /home/liangan1/miniconda3/envs/pt_xpu/lib/python3.11/site-packages/torch/include/torch/csrc/api/include/torch/all.h:8:
In file included from /home/liangan1/miniconda3/envs/pt_xpu/lib/python3.11/site-packages/torch/include/torch/csrc/api/include/torch/autograd.h:4:
In file included from /home/liangan1/miniconda3/envs/pt_xpu/lib/python3.11/site-packages/torch/include/torch/csrc/autograd/autograd.h:4:
In file included from /home/liangan1/miniconda3/envs/pt_xpu/lib/python3.11/site-packages/torch/include/torch/csrc/autograd/variable.h:7:
In file included from /home/liangan1/miniconda3/envs/pt_xpu/lib/python3.11/site-packages/torch/include/torch/csrc/autograd/cpp_hook.h:3:
In file included from /home/liangan1/miniconda3/envs/pt_xpu/lib/python3.11/site-packages/torch/include/torch/csrc/autograd/function_hook.h:4:
In file included from /home/liangan1/miniconda3/envs/pt_xpu/lib/python3.11/site-packages/torch/include/ATen/Tensor.h:4:
In file included from /home/liangan1/miniconda3/envs/pt_xpu/lib/python3.11/site-packages/torch/include/ATen/core/Tensor.h:4:
In file included from /home/liangan1/miniconda3/envs/pt_xpu/lib/python3.11/site-packages/torch/include/ATen/core/TensorBody.h:17:
In file included from /home/liangan1/miniconda3/envs/pt_xpu/lib/python3.11/site-packages/torch/include/c10/core/Scalar.h:19:
In file included from /home/liangan1/miniconda3/envs/pt_xpu/lib/python3.11/site-packages/torch/include/c10/util/TypeCast.h:12:
/home/liangan1/miniconda3/envs/pt_xpu/lib/python3.11/site-packages/torch/include/c10/util/overflows.h:66:30: warning: use of infinity is undefined behavior due to the currently enabled floating-point options [-Wnan-infinity-disabled]
   66 |   if (limit::has_infinity && std::isinf(static_cast<double>(f))) {
      |                              ^~~~~~~~~~~~~~~~~~~~~~~~~~~~~~~~~~
/home/liangan1/miniconda3/envs/pt_xpu/lib/python3.11/site-packages/torch/include/c10/util/TypeCast.h:201:36: note: in instantiation of function template specialization 'c10::overflows<c10::Float8_e4m3fnuz, double>' requested here
  201 |   if (!std::is_same_v<To, bool> && overflows<To, From>(f)) {
      |                                    ^
/home/liangan1/miniconda3/envs/pt_xpu/lib/python3.11/site-packages/torch/include/c10/core/Scalar.h:141:39: note: in instantiation of function template specialization 'c10::checked_convert<c10::Float8_e4m3fnuz, double>' requested here
  141 |   AT_FORALL_SCALAR_TYPES_WITH_COMPLEX(DEFINE_ACCESSOR)
      |                                       ^
/home/liangan1/miniconda3/envs/pt_xpu/lib/python3.11/site-packages/torch/include/torch/headeronly/core/ScalarType.h:98:3: note: expanded from macro 'AT_FORALL_SCALAR_TYPES_WITH_COMPLEX'
   98 |   _(c10::Float8_e4m3fnuz, Float8_e4m3fnuz)     \
      |   ^
/home/liangan1/miniconda3/envs/pt_xpu/lib/python3.11/site-packages/torch/include/c10/core/Scalar.h:117:14: note: expanded from macro 'DEFINE_ACCESSOR'
  117 |       return checked_convert<type, double>(v.d, #type);               \
      |              ^
In file included from /home/liangan1/cuda_to_sycl_examples/silu_and_mul/torch_ext/silu_and_mul_xpu_optimized.cpp:19:
In file included from /home/liangan1/miniconda3/envs/pt_xpu/lib/python3.11/site-packages/torch/include/torch/extension.h:6:
In file included from /home/liangan1/miniconda3/envs/pt_xpu/lib/python3.11/site-packages/torch/include/torch/csrc/api/include/torch/all.h:8:
In file included from /home/liangan1/miniconda3/envs/pt_xpu/lib/python3.11/site-packages/torch/include/torch/csrc/api/include/torch/autograd.h:4:
In file included from /home/liangan1/miniconda3/envs/pt_xpu/lib/python3.11/site-packages/torch/include/torch/csrc/autograd/autograd.h:4:
In file included from /home/liangan1/miniconda3/envs/pt_xpu/lib/python3.11/site-packages/torch/include/torch/csrc/autograd/variable.h:7:
In file included from /home/liangan1/miniconda3/envs/pt_xpu/lib/python3.11/site-packages/torch/include/torch/csrc/autograd/cpp_hook.h:3:
In file included from /home/liangan1/miniconda3/envs/pt_xpu/lib/python3.11/site-packages/torch/include/torch/csrc/autograd/function_hook.h:4:
In file included from /home/liangan1/miniconda3/envs/pt_xpu/lib/python3.11/site-packages/torch/include/ATen/Tensor.h:4:
In file included from /home/liangan1/miniconda3/envs/pt_xpu/lib/python3.11/site-packages/torch/include/ATen/core/Tensor.h:4:
In file included from /home/liangan1/miniconda3/envs/pt_xpu/lib/python3.11/site-packages/torch/include/ATen/core/TensorBody.h:17:
In file included from /home/liangan1/miniconda3/envs/pt_xpu/lib/python3.11/site-packages/torch/include/c10/core/Scalar.h:19:
In file included from /home/liangan1/miniconda3/envs/pt_xpu/lib/python3.11/site-packages/torch/include/c10/util/TypeCast.h:12:
/home/liangan1/miniconda3/envs/pt_xpu/lib/python3.11/site-packages/torch/include/c10/util/overflows.h:66:30: warning: use of infinity is undefined behavior due to the currently enabled floating-point options [-Wnan-infinity-disabled]
   66 |   if (limit::has_infinity && std::isinf(static_cast<double>(f))) {
      |                              ^~~~~~~~~~~~~~~~~~~~~~~~~~~~~~~~~~
/home/liangan1/miniconda3/envs/pt_xpu/lib/python3.11/site-packages/torch/include/c10/util/TypeCast.h:201:36: note: in instantiation of function template specialization 'c10::overflows<c10::Float8_e8m0fnu, double>' requested here
  201 |   if (!std::is_same_v<To, bool> && overflows<To, From>(f)) {
      |                                    ^
/home/liangan1/miniconda3/envs/pt_xpu/lib/python3.11/site-packages/torch/include/c10/core/Scalar.h:141:39: note: in instantiation of function template specialization 'c10::checked_convert<c10::Float8_e8m0fnu, double>' requested here
  141 |   AT_FORALL_SCALAR_TYPES_WITH_COMPLEX(DEFINE_ACCESSOR)
      |                                       ^
/home/liangan1/miniconda3/envs/pt_xpu/lib/python3.11/site-packages/torch/include/torch/headeronly/core/ScalarType.h:99:3: note: expanded from macro 'AT_FORALL_SCALAR_TYPES_WITH_COMPLEX'
   99 |   _(c10::Float8_e8m0fnu, Float8_e8m0fnu)
      |   ^
/home/liangan1/miniconda3/envs/pt_xpu/lib/python3.11/site-packages/torch/include/c10/core/Scalar.h:117:14: note: expanded from macro 'DEFINE_ACCESSOR'
  117 |       return checked_convert<type, double>(v.d, #type);               \
      |              ^
In file included from /home/liangan1/cuda_to_sycl_examples/silu_and_mul/torch_ext/silu_and_mul_xpu_optimized.cpp:19:
In file included from /home/liangan1/miniconda3/envs/pt_xpu/lib/python3.11/site-packages/torch/include/torch/extension.h:6:
In file included from /home/liangan1/miniconda3/envs/pt_xpu/lib/python3.11/site-packages/torch/include/torch/csrc/api/include/torch/all.h:8:
In file included from /home/liangan1/miniconda3/envs/pt_xpu/lib/python3.11/site-packages/torch/include/torch/csrc/api/include/torch/autograd.h:4:
In file included from /home/liangan1/miniconda3/envs/pt_xpu/lib/python3.11/site-packages/torch/include/torch/csrc/autograd/autograd.h:4:
In file included from /home/liangan1/miniconda3/envs/pt_xpu/lib/python3.11/site-packages/torch/include/torch/csrc/autograd/variable.h:7:
In file included from /home/liangan1/miniconda3/envs/pt_xpu/lib/python3.11/site-packages/torch/include/torch/csrc/autograd/cpp_hook.h:3:
In file included from /home/liangan1/miniconda3/envs/pt_xpu/lib/python3.11/site-packages/torch/include/torch/csrc/autograd/function_hook.h:4:
In file included from /home/liangan1/miniconda3/envs/pt_xpu/lib/python3.11/site-packages/torch/include/ATen/Tensor.h:4:
In file included from /home/liangan1/miniconda3/envs/pt_xpu/lib/python3.11/site-packages/torch/include/ATen/core/Tensor.h:4:
In file included from /home/liangan1/miniconda3/envs/pt_xpu/lib/python3.11/site-packages/torch/include/ATen/core/TensorBody.h:17:
In file included from /home/liangan1/miniconda3/envs/pt_xpu/lib/python3.11/site-packages/torch/include/c10/core/Scalar.h:19:
In file included from /home/liangan1/miniconda3/envs/pt_xpu/lib/python3.11/site-packages/torch/include/c10/util/TypeCast.h:12:
/home/liangan1/miniconda3/envs/pt_xpu/lib/python3.11/site-packages/torch/include/c10/util/overflows.h:66:30: warning: use of infinity is undefined behavior due to the currently enabled floating-point options [-Wnan-infinity-disabled]
   66 |   if (limit::has_infinity && std::isinf(static_cast<double>(f))) {
      |                              ^~~~~~~~~~~~~~~~~~~~~~~~~~~~~~~~~~
/home/liangan1/miniconda3/envs/pt_xpu/lib/python3.11/site-packages/torch/include/c10/util/TypeCast.h:201:36: note: in instantiation of function template specialization 'c10::overflows<unsigned short, double>' requested here
  201 |   if (!std::is_same_v<To, bool> && overflows<To, From>(f)) {
      |                                    ^
/home/liangan1/miniconda3/envs/pt_xpu/lib/python3.11/site-packages/torch/include/c10/core/Scalar.h:142:3: note: in instantiation of function template specialization 'c10::checked_convert<unsigned short, double>' requested here
  142 |   DEFINE_ACCESSOR(uint16_t, UInt16)
      |   ^
/home/liangan1/miniconda3/envs/pt_xpu/lib/python3.11/site-packages/torch/include/c10/core/Scalar.h:117:14: note: expanded from macro 'DEFINE_ACCESSOR'
  117 |       return checked_convert<type, double>(v.d, #type);               \
      |              ^
In file included from /home/liangan1/cuda_to_sycl_examples/silu_and_mul/torch_ext/silu_and_mul_xpu_optimized.cpp:19:
In file included from /home/liangan1/miniconda3/envs/pt_xpu/lib/python3.11/site-packages/torch/include/torch/extension.h:6:
In file included from /home/liangan1/miniconda3/envs/pt_xpu/lib/python3.11/site-packages/torch/include/torch/csrc/api/include/torch/all.h:8:
In file included from /home/liangan1/miniconda3/envs/pt_xpu/lib/python3.11/site-packages/torch/include/torch/csrc/api/include/torch/autograd.h:4:
In file included from /home/liangan1/miniconda3/envs/pt_xpu/lib/python3.11/site-packages/torch/include/torch/csrc/autograd/autograd.h:4:
In file included from /home/liangan1/miniconda3/envs/pt_xpu/lib/python3.11/site-packages/torch/include/torch/csrc/autograd/variable.h:7:
In file included from /home/liangan1/miniconda3/envs/pt_xpu/lib/python3.11/site-packages/torch/include/torch/csrc/autograd/cpp_hook.h:3:
In file included from /home/liangan1/miniconda3/envs/pt_xpu/lib/python3.11/site-packages/torch/include/torch/csrc/autograd/function_hook.h:4:
In file included from /home/liangan1/miniconda3/envs/pt_xpu/lib/python3.11/site-packages/torch/include/ATen/Tensor.h:4:
In file included from /home/liangan1/miniconda3/envs/pt_xpu/lib/python3.11/site-packages/torch/include/ATen/core/Tensor.h:4:
In file included from /home/liangan1/miniconda3/envs/pt_xpu/lib/python3.11/site-packages/torch/include/ATen/core/TensorBody.h:17:
In file included from /home/liangan1/miniconda3/envs/pt_xpu/lib/python3.11/site-packages/torch/include/c10/core/Scalar.h:19:
In file included from /home/liangan1/miniconda3/envs/pt_xpu/lib/python3.11/site-packages/torch/include/c10/util/TypeCast.h:12:
/home/liangan1/miniconda3/envs/pt_xpu/lib/python3.11/site-packages/torch/include/c10/util/overflows.h:66:30: warning: use of infinity is undefined behavior due to the currently enabled floating-point options [-Wnan-infinity-disabled]
   66 |   if (limit::has_infinity && std::isinf(static_cast<double>(f))) {
      |                              ^~~~~~~~~~~~~~~~~~~~~~~~~~~~~~~~~~
/home/liangan1/miniconda3/envs/pt_xpu/lib/python3.11/site-packages/torch/include/c10/util/TypeCast.h:201:36: note: in instantiation of function template specialization 'c10::overflows<unsigned int, double>' requested here
  201 |   if (!std::is_same_v<To, bool> && overflows<To, From>(f)) {
      |                                    ^
/home/liangan1/miniconda3/envs/pt_xpu/lib/python3.11/site-packages/torch/include/c10/core/Scalar.h:143:3: note: in instantiation of function template specialization 'c10::checked_convert<unsigned int, double>' requested here
  143 |   DEFINE_ACCESSOR(uint32_t, UInt32)
      |   ^
/home/liangan1/miniconda3/envs/pt_xpu/lib/python3.11/site-packages/torch/include/c10/core/Scalar.h:117:14: note: expanded from macro 'DEFINE_ACCESSOR'
  117 |       return checked_convert<type, double>(v.d, #type);               \
      |              ^
In file included from /home/liangan1/cuda_to_sycl_examples/silu_and_mul/torch_ext/silu_and_mul_xpu_optimized.cpp:19:
In file included from /home/liangan1/miniconda3/envs/pt_xpu/lib/python3.11/site-packages/torch/include/torch/extension.h:6:
In file included from /home/liangan1/miniconda3/envs/pt_xpu/lib/python3.11/site-packages/torch/include/torch/csrc/api/include/torch/all.h:8:
In file included from /home/liangan1/miniconda3/envs/pt_xpu/lib/python3.11/site-packages/torch/include/torch/csrc/api/include/torch/autograd.h:4:
In file included from /home/liangan1/miniconda3/envs/pt_xpu/lib/python3.11/site-packages/torch/include/torch/csrc/autograd/autograd.h:4:
In file included from /home/liangan1/miniconda3/envs/pt_xpu/lib/python3.11/site-packages/torch/include/torch/csrc/autograd/variable.h:7:
In file included from /home/liangan1/miniconda3/envs/pt_xpu/lib/python3.11/site-packages/torch/include/torch/csrc/autograd/cpp_hook.h:3:
In file included from /home/liangan1/miniconda3/envs/pt_xpu/lib/python3.11/site-packages/torch/include/torch/csrc/autograd/function_hook.h:4:
In file included from /home/liangan1/miniconda3/envs/pt_xpu/lib/python3.11/site-packages/torch/include/ATen/Tensor.h:4:
In file included from /home/liangan1/miniconda3/envs/pt_xpu/lib/python3.11/site-packages/torch/include/ATen/core/Tensor.h:4:
In file included from /home/liangan1/miniconda3/envs/pt_xpu/lib/python3.11/site-packages/torch/include/ATen/core/TensorBody.h:17:
In file included from /home/liangan1/miniconda3/envs/pt_xpu/lib/python3.11/site-packages/torch/include/c10/core/Scalar.h:19:
In file included from /home/liangan1/miniconda3/envs/pt_xpu/lib/python3.11/site-packages/torch/include/c10/util/TypeCast.h:12:
/home/liangan1/miniconda3/envs/pt_xpu/lib/python3.11/site-packages/torch/include/c10/util/overflows.h:66:30: warning: use of infinity is undefined behavior due to the currently enabled floating-point options [-Wnan-infinity-disabled]
   66 |   if (limit::has_infinity && std::isinf(static_cast<double>(f))) {
      |                              ^~~~~~~~~~~~~~~~~~~~~~~~~~~~~~~~~~
/home/liangan1/miniconda3/envs/pt_xpu/lib/python3.11/site-packages/torch/include/c10/util/TypeCast.h:201:36: note: in instantiation of function template specialization 'c10::overflows<unsigned long, double>' requested here
  201 |   if (!std::is_same_v<To, bool> && overflows<To, From>(f)) {
      |                                    ^
/home/liangan1/miniconda3/envs/pt_xpu/lib/python3.11/site-packages/torch/include/c10/core/Scalar.h:144:3: note: in instantiation of function template specialization 'c10::checked_convert<unsigned long, double>' requested here
  144 |   DEFINE_ACCESSOR(uint64_t, UInt64)
      |   ^
/home/liangan1/miniconda3/envs/pt_xpu/lib/python3.11/site-packages/torch/include/c10/core/Scalar.h:117:14: note: expanded from macro 'DEFINE_ACCESSOR'
  117 |       return checked_convert<type, double>(v.d, #type);               \
      |              ^
27 warnings generated.
icpx -shared -Wl,--allow-shlib-undefined -Wl,-rpath,/home/liangan1/miniconda3/envs/pt_xpu/lib -Wl,-rpath-link,/home/liangan1/miniconda3/envs/pt_xpu/lib -L/home/liangan1/miniconda3/envs/pt_xpu/lib -Wl,--allow-shlib-undefined -Wl,-rpath,/home/liangan1/miniconda3/envs/pt_xpu/lib -Wl,-rpath-link,/home/liangan1/miniconda3/envs/pt_xpu/lib -L/home/liangan1/miniconda3/envs/pt_xpu/lib /home/liangan1/cuda_to_sycl_examples/silu_and_mul/torch_ext/build/temp.linux-x86_64-cpython-311/silu_and_mul_xpu_optimized.o -L/home/liangan1/miniconda3/envs/pt_xpu/lib/python3.11/site-packages/torch/lib -lc10 -ltorch -ltorch_cpu -ltorch_python -o build/lib.linux-x86_64-cpython-311/silu_and_mul_xpu_optimized.cpython-311-x86_64-linux-gnu.so -fsycl -fsycl-targets=spir64
creating build/bdist.linux-x86_64/egg
copying build/lib.linux-x86_64-cpython-311/silu_and_mul_xpu.cpython-311-x86_64-linux-gnu.so -> build/bdist.linux-x86_64/egg
copying build/lib.linux-x86_64-cpython-311/silu_and_mul_xpu_optimized.cpython-311-x86_64-linux-gnu.so -> build/bdist.linux-x86_64/egg
creating stub loader for silu_and_mul_xpu_optimized.cpython-311-x86_64-linux-gnu.so
byte-compiling build/bdist.linux-x86_64/egg/silu_and_mul_xpu_optimized.py to silu_and_mul_xpu_optimized.cpython-311.pyc
creating build/bdist.linux-x86_64/egg/EGG-INFO
copying silu_and_mul_xpu_optimized.egg-info/PKG-INFO -> build/bdist.linux-x86_64/egg/EGG-INFO
copying silu_and_mul_xpu_optimized.egg-info/SOURCES.txt -> build/bdist.linux-x86_64/egg/EGG-INFO
copying silu_and_mul_xpu_optimized.egg-info/dependency_links.txt -> build/bdist.linux-x86_64/egg/EGG-INFO
copying silu_and_mul_xpu_optimized.egg-info/top_level.txt -> build/bdist.linux-x86_64/egg/EGG-INFO
writing build/bdist.linux-x86_64/egg/EGG-INFO/native_libs.txt
zip_safe flag not set; analyzing archive contents...
__pycache__.silu_and_mul_xpu_optimized.cpython-311: module references __file__
creating 'dist/silu_and_mul_xpu_optimized-0.0.0-py3.11-linux-x86_64.egg' and adding 'build/bdist.linux-x86_64/egg' to it
removing 'build/bdist.linux-x86_64/egg' (and everything under it)
Processing silu_and_mul_xpu_optimized-0.0.0-py3.11-linux-x86_64.egg
creating /home/liangan1/miniconda3/envs/pt_xpu/lib/python3.11/site-packages/silu_and_mul_xpu_optimized-0.0.0-py3.11-linux-x86_64.egg
Extracting silu_and_mul_xpu_optimized-0.0.0-py3.11-linux-x86_64.egg to /home/liangan1/miniconda3/envs/pt_xpu/lib/python3.11/site-packages
Adding silu-and-mul-xpu-optimized 0.0.0 to easy-install.pth file

Installed /home/liangan1/miniconda3/envs/pt_xpu/lib/python3.11/site-packages/silu_and_mul_xpu_optimized-0.0.0-py3.11-linux-x86_64.egg
Processing dependencies for silu-and-mul-xpu-optimized==0.0.0
Finished processing dependencies for silu-and-mul-xpu-optimized==0.0.0
